ablation_id,ablation_label,case_id,source_case_id,source_soc,scale,topology_type,die_count,tower_count,target_count,recipe_count,pareto_recipe_count,shared_bist_group_count,method_id,method_family,status,error,makespan_s,normalized_makespan,speedup_vs_serial,gain_vs_fixed_fastest_percent,peak_power_w,peak_temperature_c,temperature_rise_c,peak_thermal_region,fpp_utilization,serial_busy_ratio,tap_access_phase_count,tap_access_time_s,fpp_data_time_s,exclusive_test_time_s,selected_recipe_types,selected_b_count,selected_f_count,selected_h_count,selected_s_count,solver_status
m10_original_control,Original M10 model without imposed shared-resource pressure,m22_m10_original_control_large_p34392_2_5d_interposer,m10_large_p34392_2_5d_interposer,p34392,large,2_5d_interposer,8,1,28,151,98,3,pure_serial,baseline,ok,,0.21050052000000002,1.0,1.0,-6698.936719981397,2.1799999999999997,25.13558930394249,0.13558930394248847,thermal_die0,0.0,0.9998717342836017,111,0.21047352,0,0.21038488000000008,I:7;S:21,0,0,0,21,greedy
m10_original_control,Original M10 model without imposed shared-resource pressure,m22_m10_original_control_large_p34392_2_5d_interposer,m10_large_p34392_2_5d_interposer,p34392,large,2_5d_interposer,8,1,28,151,98,3,fixed_fastest,fixed_path,ok,,0.0030960799999999998,0.014708182193564175,67.98936719981397,0.0,2.2859,25.004796610707988,0.0047966107079879805,thermal_die0,0.006538251343230796,0.9977390765096509,91,0.0030890799999999997,2.0242949218750002e-05,0.0029950829492187505,F:20;I:7;S:1,0,20,0,1,greedy
m10_original_control,Original M10 model without imposed shared-resource pressure,m22_m10_original_control_large_p34392_2_5d_interposer,m10_large_p34392_2_5d_interposer,p34392,large,2_5d_interposer,8,1,28,151,98,3,tam_like,fixed_path,ok,,0.0030960799999999998,0.014708182193564175,67.98936719981397,0.0,2.2859,25.004796610707988,0.0047966107079879805,thermal_die0,0.006538251343230796,0.9977390765096509,91,0.0030890799999999997,2.0242949218750002e-05,0.0029950829492187505,F:20;I:7;S:1,0,20,0,1,greedy
m10_original_control,Original M10 model without imposed shared-resource pressure,m22_m10_original_control_large_p34392_2_5d_interposer,m10_large_p34392_2_5d_interposer,p34392,large,2_5d_interposer,8,1,28,151,98,3,m4_greedy,joint,ok,,0.0030960799999999998,0.014708182193564175,67.98936719981397,0.0,2.2859,25.004796610707988,0.0047966107079879805,thermal_die0,0.006538251343230796,0.9977390765096509,91,0.0030890799999999997,2.0242949218750002e-05,0.0029950829492187505,F:20;I:7;S:1,0,20,0,1,greedy
bist_private_control,Pressure workload with private BIST engines,m22_bist_private_control_large_p34392_2_5d_interposer,m10_large_p34392_2_5d_interposer,p34392,large,2_5d_interposer,8,1,28,168,108,20,pure_serial,baseline,ok,,425.69281271999984,1.0,1.0,-2722055.2308211746,2.48,35.214639940970415,10.214639940970415,thermal_die3,0.0,0.9999999365739821,111,425.6927857199999,0,425.69269707999996,I:7;S:21,0,0,0,21,greedy
bist_private_control,Pressure workload with private BIST engines,m22_bist_private_control_large_p34392_2_5d_interposer,m10_large_p34392_2_5d_interposer,p34392,large,2_5d_interposer,8,1,28,168,108,20,fixed_fastest,fixed_path,ok,,0.01563808,3.6735597907042826e-05,27221.55230821174,0.0,32.720000000000006,41.27929187527529,16.27929187527529,thermal_die2,0.0,0.20186365589637603,71,0.0031567599999999998,0,0.10695483999999997,B:20;I:7;S:1,20,0,0,1,greedy
bist_private_control,Pressure workload with private BIST engines,m22_bist_private_control_large_p34392_2_5d_interposer,m10_large_p34392_2_5d_interposer,p34392,large,2_5d_interposer,8,1,28,168,108,20,tam_like,fixed_path,ok,,2.217159133333334,0.005208354632925584,191.9992148150423,-14077.949807990071,2.71,36.42399814393978,11.423998143939777,thermal_die3,0.9999883634874863,0.001393260390541205,91,0.00308908,2.217133333333334,2.220108173333333,F:20;I:7;S:1,0,20,0,1,greedy
bist_private_control,Pressure workload with private BIST engines,m22_bist_private_control_large_p34392_2_5d_interposer,m10_large_p34392_2_5d_interposer,p34392,large,2_5d_interposer,8,1,28,168,108,20,m4_greedy,joint,ok,,0.01563808,3.6735597907042826e-05,27221.55230821174,0.0,32.720000000000006,41.27929187527529,16.27929187527529,thermal_die2,0.0,0.20186365589637603,71,0.0031567599999999998,0,0.10695483999999997,B:20;I:7;S:1,20,0,0,1,greedy
shared_bist_no_parallel_escape,Shared BIST pressure without FPP/hybrid escape paths,m22_shared_bist_no_parallel_escape_large_p34392_2_5d_interposer,m10_large_p34392_2_5d_interposer,p34392,large,2_5d_interposer,8,1,28,48,48,2,pure_serial,baseline,ok,,425.69281271999984,1.0,1.0,-818323.4570236797,2.48,35.214639940970415,10.214639940970415,thermal_die3,0.0,0.9999999365739821,111,425.6927857199999,0,425.69269707999996,I:7;S:21,0,0,0,21,greedy
shared_bist_no_parallel_escape,Shared BIST pressure without FPP/hybrid escape paths,m22_shared_bist_no_parallel_escape_large_p34392_2_5d_interposer,m10_large_p34392_2_5d_interposer,p34392,large,2_5d_interposer,8,1,28,48,48,2,fixed_fastest,fixed_path,ok,,0.052013759999999985,0.00012218613621323252,8184.234570236798,0.0,8.61,35.67502406470885,10.67502406470885,thermal_die3,0.0,0.06069086334077753,71,0.0031567599999999998,0,0.10695483999999994,B:20;I:7;S:1,20,0,0,1,greedy
shared_bist_no_parallel_escape,Shared BIST pressure without FPP/hybrid escape paths,m22_shared_bist_no_parallel_escape_large_p34392_2_5d_interposer,m10_large_p34392_2_5d_interposer,p34392,large,2_5d_interposer,8,1,28,48,48,2,tam_like,fixed_path,ok,,0.052013759999999985,0.00012218613621323252,8184.234570236798,0.0,8.61,35.67502406470885,10.67502406470885,thermal_die3,0.0,0.06069086334077753,71,0.0031567599999999998,0,0.10695483999999994,B:20;I:7;S:1,20,0,0,1,greedy
shared_bist_no_parallel_escape,Shared BIST pressure without FPP/hybrid escape paths,m22_shared_bist_no_parallel_escape_large_p34392_2_5d_interposer,m10_large_p34392_2_5d_interposer,p34392,large,2_5d_interposer,8,1,28,48,48,2,m4_greedy,joint,ok,,0.052013759999999985,0.00012218613621323252,8184.234570236798,0.0,8.61,35.67502406470885,10.67502406470885,thermal_die3,0.0,0.06069086334077753,71,0.0031567599999999998,0,0.10695483999999994,B:20;I:7;S:1,20,0,0,1,greedy
shared_bist_with_parallel_escape,Shared BIST pressure with FPP/hybrid alternatives,m22_shared_bist_with_parallel_escape_large_p34392_2_5d_interposer,m10_large_p34392_2_5d_interposer,p34392,large,2_5d_interposer,8,1,28,168,108,2,pure_serial,baseline,ok,,425.69281271999984,1.0,1.0,-818323.4570236797,2.48,35.214639940970415,10.214639940970415,thermal_die3,0.0,0.9999999365739821,111,425.6927857199999,0,425.69269707999996,I:7;S:21,0,0,0,21,greedy
shared_bist_with_parallel_escape,Shared BIST pressure with FPP/hybrid alternatives,m22_shared_bist_with_parallel_escape_large_p34392_2_5d_interposer,m10_large_p34392_2_5d_interposer,p34392,large,2_5d_interposer,8,1,28,168,108,2,fixed_fastest,fixed_path,ok,,0.052013759999999985,0.00012218613621323252,8184.234570236798,0.0,8.61,35.67502406470885,10.67502406470885,thermal_die3,0.0,0.06069086334077753,71,0.0031567599999999998,0,0.10695483999999994,B:20;I:7;S:1,20,0,0,1,greedy
shared_bist_with_parallel_escape,Shared BIST pressure with FPP/hybrid alternatives,m22_shared_bist_with_parallel_escape_large_p34392_2_5d_interposer,m10_large_p34392_2_5d_interposer,p34392,large,2_5d_interposer,8,1,28,168,108,2,tam_like,fixed_path,ok,,2.217159133333334,0.005208354632925584,191.9992148150423,-4162.639604084255,2.71,36.42399814393978,11.423998143939777,thermal_die3,0.9999883634874863,0.001393260390541205,91,0.00308908,2.217133333333334,2.220108173333333,F:20;I:7;S:1,0,20,0,1,greedy
shared_bist_with_parallel_escape,Shared BIST pressure with FPP/hybrid alternatives,m22_shared_bist_with_parallel_escape_large_p34392_2_5d_interposer,m10_large_p34392_2_5d_interposer,p34392,large,2_5d_interposer,8,1,28,168,108,2,m4_greedy,joint,ok,,0.04681375999999999,0.00010997075496971526,9093.326678309966,9.997354546181622,10.8,37.240569433457054,12.240569433457054,thermal_die3,0.38663845843615224,0.06720929914623394,74,0.0031463199999999998,0.0181,0.10945783999999996,B:17;F:3;I:7;S:1,17,3,0,1,greedy
m10_original_control,Original M10 model without imposed shared-resource pressure,m22_m10_original_control_large_p34392_3d_stack,m10_large_p34392_3d_stack,p34392,large,3d_stack,8,1,28,151,103,3,pure_serial,baseline,ok,,0.21089507999999996,1.0,1.0,-5938.402137884735,2.1799999999999997,25.149742269194586,0.14974226919458644,thermal_die0,0.0,0.9998719742537377,111,0.21086807999999993,0,0.21067832000000003,I:7;S:21,0,0,0,21,greedy
m10_original_control,Original M10 model without imposed shared-resource pressure,m22_m10_original_control_large_p34392_3d_stack,m10_large_p34392_3d_stack,p34392,large,3d_stack,8,1,28,151,103,3,fixed_fastest,fixed_path,ok,,0.0034925643437500003,0.016560672462107705,60.384021378847336,0.0,2.2432,25.001915824250542,0.001915824250541931,thermal_die6,0.046368106013508575,0.9974447589588518,91,0.0034836399999999992,0.00016194359375000002,0.00343022359375,F:20;I:7;S:1,0,20,0,1,greedy
m10_original_control,Original M10 model without imposed shared-resource pressure,m22_m10_original_control_large_p34392_3d_stack,m10_large_p34392_3d_stack,p34392,large,3d_stack,8,1,28,151,103,3,tam_like,fixed_path,ok,,0.0034925643437500003,0.016560672462107705,60.384021378847336,0.0,2.2432,25.001915824250542,0.001915824250541931,thermal_die6,0.046368106013508575,0.9974447589588518,91,0.0034836399999999992,0.00016194359375000002,0.00343022359375,F:20;I:7;S:1,0,20,0,1,greedy
m10_original_control,Original M10 model without imposed shared-resource pressure,m22_m10_original_control_large_p34392_3d_stack,m10_large_p34392_3d_stack,p34392,large,3d_stack,8,1,28,151,103,3,m4_greedy,joint,ok,,0.0034925643437500003,0.016560672462107705,60.384021378847336,0.0,2.2432,25.001915824250542,0.001915824250541931,thermal_die6,0.046368106013508575,0.9974447589588518,91,0.0034836399999999992,0.00016194359375000002,0.00343022359375,F:20;I:7;S:1,0,20,0,1,greedy
bist_private_control,Pressure workload with private BIST engines,m22_bist_private_control_large_p34392_3d_stack,m10_large_p34392_3d_stack,p34392,large,3d_stack,8,1,28,168,108,20,pure_serial,baseline,ok,,425.6932072800001,1.0,1.0,-2345058.7003085064,2.48,47.53455399660647,22.53455399660647,thermal_die7,0.0,0.999999936574041,111,425.69318028000015,0,425.69299051999997,I:7;S:21,0,0,0,21,greedy
bist_private_control,Pressure workload with private BIST engines,m22_bist_private_control_large_p34392_3d_stack,m10_large_p34392_3d_stack,p34392,large,3d_stack,8,1,28,168,108,20,fixed_fastest,fixed_path,ok,,0.018152,4.264103746447734e-05,23451.58700308506,0.0,32.8,72.71497044595583,47.71497044595583,thermal_die2,0.0,0.19723005729396204,71,0.003580119999999999,0,0.12324828000000004,B:20;I:7;S:1,20,0,0,1,greedy
bist_private_control,Pressure workload with private BIST engines,m22_bist_private_control_large_p34392_3d_stack,m10_large_p34392_3d_stack,p34392,large,3d_stack,8,1,28,168,108,20,tam_like,fixed_path,ok,,2.6605922000000017,0.006250022679478639,159.99941940745364,-14557.295063904812,2.48,48.4613552086438,23.461355208643802,thermal_die7,0.9999878974312555,0.0013093475956217555,91,0.003483639999999999,2.6605600000000003,2.663828280000002,F:20;I:7;S:1,0,20,0,1,greedy
bist_private_control,Pressure workload with private BIST engines,m22_bist_private_control_large_p34392_3d_stack,m10_large_p34392_3d_stack,p34392,large,3d_stack,8,1,28,168,108,20,m4_greedy,joint,ok,,0.018152,4.264103746447734e-05,23451.58700308506,0.0,32.8,72.71497044595583,47.71497044595583,thermal_die2,0.0,0.19723005729396204,71,0.003580119999999999,0,0.12324828000000004,B:20;I:7;S:1,20,0,0,1,greedy
shared_bist_no_parallel_escape,Shared BIST pressure without FPP/hybrid escape paths,m22_shared_bist_no_parallel_escape_large_p34392_3d_stack,m10_large_p34392_3d_stack,p34392,large,3d_stack,8,1,28,48,48,1,pure_serial,baseline,ok,,425.6932072800001,1.0,1.0,-354599.8836812452,2.48,47.53455399660647,22.53455399660647,thermal_die7,0.0,0.999999936574041,111,425.69318028000015,0,425.69299051999997,I:7;S:21,0,0,0,21,greedy
shared_bist_no_parallel_escape,Shared BIST pressure without FPP/hybrid escape paths,m22_shared_bist_no_parallel_escape_large_p34392_3d_stack,m10_large_p34392_3d_stack,p34392,large,3d_stack,8,1,28,48,48,1,fixed_fastest,fixed_path,ok,,0.12001504000000005,0.0002819284826432761,3546.9988368124523,0.0,4.53,54.64315804717658,29.643158047176577,thermal_die2,0.0,0.02983059456548111,71,0.003580119999999999,0,0.12324828000000004,B:20;I:7;S:1,20,0,0,1,greedy
shared_bist_no_parallel_escape,Shared BIST pressure without FPP/hybrid escape paths,m22_shared_bist_no_parallel_escape_large_p34392_3d_stack,m10_large_p34392_3d_stack,p34392,large,3d_stack,8,1,28,48,48,1,tam_like,fixed_path,ok,,0.12001504000000005,0.0002819284826432761,3546.9988368124523,0.0,4.53,54.64315804717658,29.643158047176577,thermal_die2,0.0,0.02983059456548111,71,0.003580119999999999,0,0.12324828000000004,B:20;I:7;S:1,20,0,0,1,greedy
shared_bist_no_parallel_escape,Shared BIST pressure without FPP/hybrid escape paths,m22_shared_bist_no_parallel_escape_large_p34392_3d_stack,m10_large_p34392_3d_stack,p34392,large,3d_stack,8,1,28,48,48,1,m4_greedy,joint,ok,,0.12001504000000005,0.0002819284826432761,3546.9988368124523,0.0,4.53,54.64315804717658,29.643158047176577,thermal_die2,0.0,0.02983059456548111,71,0.003580119999999999,0,0.12324828000000004,B:20;I:7;S:1,20,0,0,1,greedy
shared_bist_with_parallel_escape,Shared BIST pressure with FPP/hybrid alternatives,m22_shared_bist_with_parallel_escape_large_p34392_3d_stack,m10_large_p34392_3d_stack,p34392,large,3d_stack,8,1,28,168,108,1,pure_serial,baseline,ok,,425.6932072800001,1.0,1.0,-354599.8836812452,2.48,47.53455399660647,22.53455399660647,thermal_die7,0.0,0.999999936574041,111,425.69318028000015,0,425.69299051999997,I:7;S:21,0,0,0,21,greedy
shared_bist_with_parallel_escape,Shared BIST pressure with FPP/hybrid alternatives,m22_shared_bist_with_parallel_escape_large_p34392_3d_stack,m10_large_p34392_3d_stack,p34392,large,3d_stack,8,1,28,168,108,1,fixed_fastest,fixed_path,ok,,0.12001504000000005,0.0002819284826432761,3546.9988368124523,0.0,4.53,54.64315804717658,29.643158047176577,thermal_die2,0.0,0.02983059456548111,71,0.003580119999999999,0,0.12324828000000004,B:20;I:7;S:1,20,0,0,1,greedy
shared_bist_with_parallel_escape,Shared BIST pressure with FPP/hybrid alternatives,m22_shared_bist_with_parallel_escape_large_p34392_3d_stack,m10_large_p34392_3d_stack,p34392,large,3d_stack,8,1,28,168,108,1,tam_like,fixed_path,ok,,2.6605922000000017,0.006250022679478639,159.99941940745364,-2116.8823174162176,2.48,48.4613552086438,23.461355208643802,thermal_die7,0.9999878974312555,0.0013093475956217555,91,0.003483639999999999,2.6605600000000003,2.663828280000002,F:20;I:7;S:1,0,20,0,1,greedy
shared_bist_with_parallel_escape,Shared BIST pressure with FPP/hybrid alternatives,m22_shared_bist_with_parallel_escape_large_p34392_3d_stack,m10_large_p34392_3d_stack,p34392,large,3d_stack,8,1,28,168,108,1,m4_greedy,joint,ok,,0.08401504000000001,0.00019736053703280974,5066.869066300511,29.99624047119429,6.640000000000001,53.78059142426232,28.78059142426232,thermal_die1,0.792715209086373,0.042272907327069044,77,0.003551559999999999,0.0666,0.15385428000000004,B:14;F:6;I:7;S:1,14,6,0,1,greedy
m10_original_control,Original M10 model without imposed shared-resource pressure,m22_m10_original_control_large_p34392_5_5d_multi_tower,m10_large_p34392_5_5d_multi_tower,p34392,large,5_5d_multi_tower,8,4,28,151,103,3,pure_serial,baseline,ok,,0.2104461200000001,1.0,1.0,-6815.899462714959,2.1799999999999997,25.138723276204328,0.13872327620432756,thermal_die0,0.0,0.9998717011271102,111,0.21041912000000007,0,0.2103087200000001,I:7;S:21,0,0,0,21,greedy
m10_original_control,Original M10 model without imposed shared-resource pressure,m22_m10_original_control_large_p34392_5_5d_multi_tower,m10_large_p34392_5_5d_multi_tower,p34392,large,5_5d_multi_tower,8,4,28,151,103,3,fixed_fastest,fixed_path,ok,,0.00304293203125,0.014459435181081021,69.15899462714958,0.0,2.9404,25.00168263609055,0.0016826360905497495,thermal_die0,0.05321958955602289,0.9972881315897776,91,0.0030346799999999992,0.00016194359375000002,0.003060623593750001,F:20;I:7;S:1,0,20,0,1,greedy
m10_original_control,Original M10 model without imposed shared-resource pressure,m22_m10_original_control_large_p34392_5_5d_multi_tower,m10_large_p34392_5_5d_multi_tower,p34392,large,5_5d_multi_tower,8,4,28,151,103,3,tam_like,fixed_path,ok,,0.00304293203125,0.014459435181081021,69.15899462714958,0.0,2.9404,25.00168263609055,0.0016826360905497495,thermal_die0,0.05321958955602289,0.9972881315897776,91,0.0030346799999999992,0.00016194359375000002,0.003060623593750001,F:20;I:7;S:1,0,20,0,1,greedy
m10_original_control,Original M10 model without imposed shared-resource pressure,m22_m10_original_control_large_p34392_5_5d_multi_tower,m10_large_p34392_5_5d_multi_tower,p34392,large,5_5d_multi_tower,8,4,28,151,103,3,m4_greedy,joint,ok,,0.00304293203125,0.014459435181081021,69.15899462714958,0.0,2.9404,25.00168263609055,0.0016826360905497495,thermal_die0,0.05321958955602289,0.9972881315897776,91,0.0030346799999999992,0.00016194359375000002,0.003060623593750001,F:20;I:7;S:1,0,20,0,1,greedy
bist_private_control,Pressure workload with private BIST engines,m22_bist_private_control_large_p34392_5_5d_multi_tower,m10_large_p34392_5_5d_multi_tower,p34392,large,5_5d_multi_tower,8,4,28,168,108,20,pure_serial,baseline,ok,,425.6927583199998,1.0,1.0,-2441560.462437824,2.48,43.141096955458686,18.141096955458686,thermal_die5,0.0,0.999999936573974,111,425.6927313199999,0,425.69262092,I:7;S:21,0,0,0,21,greedy
bist_private_control,Pressure workload with private BIST engines,m22_bist_private_control_large_p34392_5_5d_multi_tower,m10_large_p34392_5_5d_multi_tower,p34392,large,5_5d_multi_tower,8,4,28,168,108,20,fixed_fastest,fixed_path,ok,,0.017434559999999998,4.0955735467067e-05,24416.60462437824,0.0,32.81000000000001,64.15517502886406,39.155175028864065,thermal_die3,0.0,0.1782000807591359,71,0.00310684,0,0.11887867999999999,B:20;I:7;S:1,20,0,0,1,greedy
bist_private_control,Pressure workload with private BIST engines,m22_bist_private_control_large_p34392_5_5d_multi_tower,m10_large_p34392_5_5d_multi_tower,p34392,large,5_5d_multi_tower,8,4,28,168,108,20,tam_like,fixed_path,ok,,2.6605857999999993,0.006250014236793749,159.99963553891024,-15160.412651652809,2.48,46.005087995015266,21.005087995015266,thermal_die5,0.9999903028874316,0.001140605952268106,91,0.0030346799999999997,2.660559999999999,2.6634586799999993,F:20;I:7;S:1,0,20,0,1,greedy
bist_private_control,Pressure workload with private BIST engines,m22_bist_private_control_large_p34392_5_5d_multi_tower,m10_large_p34392_5_5d_multi_tower,p34392,large,5_5d_multi_tower,8,4,28,168,108,20,m4_greedy,joint,ok,,0.017434559999999998,4.0955735467067e-05,24416.60462437824,0.0,32.81000000000001,64.15517502886406,39.155175028864065,thermal_die3,0.0,0.1782000807591359,71,0.00310684,0,0.11887867999999999,B:20;I:7;S:1,20,0,0,1,greedy
shared_bist_no_parallel_escape,Shared BIST pressure without FPP/hybrid escape paths,m22_shared_bist_no_parallel_escape_large_p34392_5_5d_multi_tower,m10_large_p34392_5_5d_multi_tower,p34392,large,5_5d_multi_tower,8,4,28,48,48,3,pure_serial,baseline,ok,,425.6927583199998,1.0,1.0,-733727.5217755858,2.48,43.141096955458686,18.141096955458686,thermal_die5,0.0,0.999999936573974,111,425.6927313199999,0,425.69262092,I:7;S:21,0,0,0,21,greedy
shared_bist_no_parallel_escape,Shared BIST pressure without FPP/hybrid escape paths,m22_shared_bist_no_parallel_escape_large_p34392_5_5d_multi_tower,m10_large_p34392_5_5d_multi_tower,p34392,large,5_5d_multi_tower,8,4,28,48,48,3,fixed_fastest,fixed_path,ok,,0.05800991999999999,0.00013627180370400624,7338.275217755859,0.0,12.860000000000001,55.41854108318471,30.418541083184707,thermal_die3,0.0,0.05355704679475511,71,0.00310684,0,0.11887868,B:20;I:7;S:1,20,0,0,1,greedy
shared_bist_no_parallel_escape,Shared BIST pressure without FPP/hybrid escape paths,m22_shared_bist_no_parallel_escape_large_p34392_5_5d_multi_tower,m10_large_p34392_5_5d_multi_tower,p34392,large,5_5d_multi_tower,8,4,28,48,48,3,tam_like,fixed_path,ok,,0.05800991999999999,0.00013627180370400624,7338.275217755859,0.0,12.860000000000001,55.41854108318471,30.418541083184707,thermal_die3,0.0,0.05355704679475511,71,0.00310684,0,0.11887868,B:20;I:7;S:1,20,0,0,1,greedy
shared_bist_no_parallel_escape,Shared BIST pressure without FPP/hybrid escape paths,m22_shared_bist_no_parallel_escape_large_p34392_5_5d_multi_tower,m10_large_p34392_5_5d_multi_tower,p34392,large,5_5d_multi_tower,8,4,28,48,48,3,m4_greedy,joint,ok,,0.05800991999999999,0.00013627180370400624,7338.275217755859,0.0,12.860000000000001,55.41854108318471,30.418541083184707,thermal_die3,0.0,0.05355704679475511,71,0.00310684,0,0.11887868,B:20;I:7;S:1,20,0,0,1,greedy
shared_bist_with_parallel_escape,Shared BIST pressure with FPP/hybrid alternatives,m22_shared_bist_with_parallel_escape_large_p34392_5_5d_multi_tower,m10_large_p34392_5_5d_multi_tower,p34392,large,5_5d_multi_tower,8,4,28,168,108,3,pure_serial,baseline,ok,,425.6927583199998,1.0,1.0,-733727.5217755858,2.48,43.141096955458686,18.141096955458686,thermal_die5,0.0,0.999999936573974,111,425.6927313199999,0,425.69262092,I:7;S:21,0,0,0,21,greedy
shared_bist_with_parallel_escape,Shared BIST pressure with FPP/hybrid alternatives,m22_shared_bist_with_parallel_escape_large_p34392_5_5d_multi_tower,m10_large_p34392_5_5d_multi_tower,p34392,large,5_5d_multi_tower,8,4,28,168,108,3,fixed_fastest,fixed_path,ok,,0.05800991999999999,0.00013627180370400624,7338.275217755859,0.0,12.860000000000001,55.41854108318471,30.418541083184707,thermal_die3,0.0,0.05355704679475511,71,0.00310684,0,0.11887868,B:20;I:7;S:1,20,0,0,1,greedy
shared_bist_with_parallel_escape,Shared BIST pressure with FPP/hybrid alternatives,m22_shared_bist_with_parallel_escape_large_p34392_5_5d_multi_tower,m10_large_p34392_5_5d_multi_tower,p34392,large,5_5d_multi_tower,8,4,28,168,108,3,tam_like,fixed_path,ok,,2.6605857999999993,0.006250014236793749,159.99963553891024,-4486.432458448486,2.48,46.005087995015266,21.005087995015266,thermal_die5,0.9999903028874316,0.001140605952268106,91,0.0030346799999999997,2.660559999999999,2.6634586799999993,F:20;I:7;S:1,0,20,0,1,greedy
shared_bist_with_parallel_escape,Shared BIST pressure with FPP/hybrid alternatives,m22_shared_bist_with_parallel_escape_large_p34392_5_5d_multi_tower,m10_large_p34392_5_5d_multi_tower,p34392,large,5_5d_multi_tower,8,4,28,168,108,3,m4_greedy,joint,ok,,0.040608639999999994,9.539424668688833e-05,10482.812483254791,29.99707636211186,14.96,55.65898256750658,30.658982567506577,thermal_die3,0.8687806338749587,0.07623402310444281,74,0.00309576,0.03528,0.13676168,B:17;F:3;I:7;S:1,17,3,0,1,greedy
m10_original_control,Original M10 model without imposed shared-resource pressure,m22_m10_original_control_medium_p22810_2_5d_interposer,m10_medium_p22810_2_5d_interposer,p22810,medium,2_5d_interposer,6,1,22,121,76,3,pure_serial,baseline,ok,,0.09304835999999998,1.0,1.0,-4294.213986172504,2.1799999999999997,25.130599203437754,0.13059920343775389,thermal_die1,0.0,0.9997743109067154,87,0.09302735999999996,0,0.09295792000000001,I:5;S:17,0,0,0,17,greedy
m10_original_control,Original M10 model without imposed shared-resource pressure,m22_m10_original_control_medium_p22810_2_5d_interposer,m10_medium_p22810_2_5d_interposer,p22810,medium,2_5d_interposer,6,1,22,121,76,3,fixed_fastest,fixed_path,ok,,0.00211752,0.022757198514836804,43.94213986172503,0.0,2.2306999999999997,25.00314164532145,0.0031416453214490048,thermal_die0,0.004189465669155425,0.9976387472137218,71,0.00211252,8.871277343749997e-06,0.0020314712773437495,F:16;I:5;S:1,0,16,0,1,greedy
m10_original_control,Original M10 model without imposed shared-resource pressure,m22_m10_original_control_medium_p22810_2_5d_interposer,m10_medium_p22810_2_5d_interposer,p22810,medium,2_5d_interposer,6,1,22,121,76,3,tam_like,fixed_path,ok,,0.00211752,0.022757198514836804,43.94213986172503,0.0,2.2306999999999997,25.00314164532145,0.0031416453214490048,thermal_die0,0.004189465669155425,0.9976387472137218,71,0.00211252,8.871277343749997e-06,0.0020314712773437495,F:16;I:5;S:1,0,16,0,1,greedy
m10_original_control,Original M10 model without imposed shared-resource pressure,m22_m10_original_control_medium_p22810_2_5d_interposer,m10_medium_p22810_2_5d_interposer,p22810,medium,2_5d_interposer,6,1,22,121,76,3,m4_greedy,joint,ok,,0.00211752,0.022757198514836804,43.94213986172503,0.0,2.2306999999999997,25.00314164532145,0.0031416453214490048,thermal_die0,0.004189465669155425,0.9976387472137218,71,0.00211252,8.871277343749997e-06,0.0020314712773437495,F:16;I:5;S:1,0,16,0,1,greedy
bist_private_control,Pressure workload with private BIST engines,m22_bist_private_control_medium_p22810_2_5d_interposer,m10_medium_p22810_2_5d_interposer,p22810,medium,2_5d_interposer,6,1,22,134,86,16,pure_serial,baseline,ok,,158.42140647999983,1.0,1.0,-1012948.957928338,2.48,35.214639995535585,10.214639995535585,thermal_die3,0.0,0.9999998674421569,87,158.42138547999988,0,158.42131603999994,I:5;S:17,0,0,0,17,greedy
bist_private_control,Pressure workload with private BIST engines,m22_bist_private_control_medium_p22810_2_5d_interposer,m10_medium_p22810_2_5d_interposer,p22810,medium,2_5d_interposer,6,1,22,134,86,16,fixed_fastest,fixed_path,ok,,0.01563808,9.871191240796271e-05,10130.48957928338,0.0,24.209999999999997,41.898883940887714,16.898883940887714,thermal_die2,0.0,0.13852595715074997,55,0.00216628,0,0.08520659999999997,B:16;I:5;S:1,16,0,0,1,greedy
bist_private_control,Pressure workload with private BIST engines,m22_bist_private_control_medium_p22810_2_5d_interposer,m10_medium_p22810_2_5d_interposer,p22810,medium,2_5d_interposer,6,1,22,134,86,16,tam_like,fixed_path,ok,,0.8251218000000002,0.005208398399771619,191.9976014207839,-5176.362571364261,2.48,36.60992891277275,11.609928912772752,thermal_die3,0.9999735796581789,0.0025602523166882757,71,0.0021125200000000005,0.8251000000000002,0.8271226000000003,F:16;I:5;S:1,0,16,0,1,greedy
bist_private_control,Pressure workload with private BIST engines,m22_bist_private_control_medium_p22810_2_5d_interposer,m10_medium_p22810_2_5d_interposer,p22810,medium,2_5d_interposer,6,1,22,134,86,16,m4_greedy,joint,ok,,0.01563808,9.871191240796271e-05,10130.48957928338,0.0,24.209999999999997,41.898883940887714,16.898883940887714,thermal_die2,0.0,0.13852595715074997,55,0.00216628,0,0.08520659999999997,B:16;I:5;S:1,16,0,0,1,greedy
shared_bist_no_parallel_escape,Shared BIST pressure without FPP/hybrid escape paths,m22_shared_bist_no_parallel_escape_medium_p22810_2_5d_interposer,m10_medium_p22810_2_5d_interposer,p22810,medium,2_5d_interposer,6,1,22,38,38,2,pure_serial,baseline,ok,,158.42140647999983,1.0,1.0,-380542.07967799687,2.48,35.214639995535585,10.214639995535585,thermal_die3,0.0,0.9999998674421569,87,158.42138547999988,0,158.42131603999994,I:5;S:17,0,0,0,17,greedy
shared_bist_no_parallel_escape,Shared BIST pressure without FPP/hybrid escape paths,m22_shared_bist_no_parallel_escape_medium_p22810_2_5d_interposer,m10_medium_p22810_2_5d_interposer,p22810,medium,2_5d_interposer,6,1,22,38,38,2,fixed_fastest,fixed_path,ok,,0.04161951999999999,0.0002627139912765155,3806.4207967799694,0.0,8.59,38.57314560172111,13.573145601721109,thermal_die2,0.0,0.05204961518056913,55,0.00216628,0,0.08520659999999995,B:16;I:5;S:1,16,0,0,1,greedy
shared_bist_no_parallel_escape,Shared BIST pressure without FPP/hybrid escape paths,m22_shared_bist_no_parallel_escape_medium_p22810_2_5d_interposer,m10_medium_p22810_2_5d_interposer,p22810,medium,2_5d_interposer,6,1,22,38,38,2,tam_like,fixed_path,ok,,0.04161951999999999,0.0002627139912765155,3806.4207967799694,0.0,8.59,38.57314560172111,13.573145601721109,thermal_die2,0.0,0.05204961518056913,55,0.00216628,0,0.08520659999999995,B:16;I:5;S:1,16,0,0,1,greedy
shared_bist_no_parallel_escape,Shared BIST pressure without FPP/hybrid escape paths,m22_shared_bist_no_parallel_escape_medium_p22810_2_5d_interposer,m10_medium_p22810_2_5d_interposer,p22810,medium,2_5d_interposer,6,1,22,38,38,2,m4_greedy,joint,ok,,0.04161951999999999,0.0002627139912765155,3806.4207967799694,0.0,8.59,38.57314560172111,13.573145601721109,thermal_die2,0.0,0.05204961518056913,55,0.00216628,0,0.08520659999999995,B:16;I:5;S:1,16,0,0,1,greedy
shared_bist_with_parallel_escape,Shared BIST pressure with FPP/hybrid alternatives,m22_shared_bist_with_parallel_escape_medium_p22810_2_5d_interposer,m10_medium_p22810_2_5d_interposer,p22810,medium,2_5d_interposer,6,1,22,134,86,2,pure_serial,baseline,ok,,158.42140647999983,1.0,1.0,-380542.07967799687,2.48,35.214639995535585,10.214639995535585,thermal_die3,0.0,0.9999998674421569,87,158.42138547999988,0,158.42131603999994,I:5;S:17,0,0,0,17,greedy
shared_bist_with_parallel_escape,Shared BIST pressure with FPP/hybrid alternatives,m22_shared_bist_with_parallel_escape_medium_p22810_2_5d_interposer,m10_medium_p22810_2_5d_interposer,p22810,medium,2_5d_interposer,6,1,22,134,86,2,fixed_fastest,fixed_path,ok,,0.04161951999999999,0.0002627139912765155,3806.4207967799694,0.0,8.59,38.57314560172111,13.573145601721109,thermal_die2,0.0,0.05204961518056913,55,0.00216628,0,0.08520659999999995,B:16;I:5;S:1,16,0,0,1,greedy
shared_bist_with_parallel_escape,Shared BIST pressure with FPP/hybrid alternatives,m22_shared_bist_with_parallel_escape_medium_p22810_2_5d_interposer,m10_medium_p22810_2_5d_interposer,p22810,medium,2_5d_interposer,6,1,22,134,86,2,tam_like,fixed_path,ok,,0.8251218000000002,0.005208398399771619,191.9976014207839,-1882.5355986806198,2.48,36.60992891277275,11.609928912772752,thermal_die3,0.9999735796581789,0.0025602523166882757,71,0.0021125200000000005,0.8251000000000002,0.8271226000000003,F:16;I:5;S:1,0,16,0,1,greedy
shared_bist_with_parallel_escape,Shared BIST pressure with FPP/hybrid alternatives,m22_shared_bist_with_parallel_escape_medium_p22810_2_5d_interposer,m10_medium_p22810_2_5d_interposer,p22810,medium,2_5d_interposer,6,1,22,134,86,2,m4_greedy,joint,ok,,0.031219519999999997,0.00019706629737529415,5074.434407703893,24.988274732625452,10.7,39.541698881898924,14.541698881898924,thermal_die2,0.9588018436328727,0.06889279527680119,60,0.0021508,0.02993333333333334,0.08914493333333329,B:11;F:5;I:5;S:1,11,5,0,1,greedy
m10_original_control,Original M10 model without imposed shared-resource pressure,m22_m10_original_control_medium_p22810_3d_stack,m10_medium_p22810_3d_stack,p22810,medium,3d_stack,6,1,22,121,84,3,pure_serial,baseline,ok,,0.09320772,1.0,1.0,-3991.916500208529,2.1799999999999997,25.13599610303438,0.1359961030343797,thermal_die1,0.0,0.9997746967740438,87,0.09318671999999997,0,0.09306352000000002,I:5;S:17,0,0,0,17,greedy
m10_original_control,Original M10 model without imposed shared-resource pressure,m22_m10_original_control_medium_p22810_3d_stack,m10_medium_p22810_3d_stack,p22810,medium,3d_stack,6,1,22,121,84,3,fixed_fastest,fixed_path,ok,,0.00227785,0.024438426344942244,40.9191650020853,0.0,2.2708,25.001401183110524,0.0014011831105236183,thermal_die4,0.03115666911780846,0.9973791074917137,71,0.00227188,7.097021875e-05,0.00219917021875,F:16;I:5;S:1,0,16,0,1,greedy
m10_original_control,Original M10 model without imposed shared-resource pressure,m22_m10_original_control_medium_p22810_3d_stack,m10_medium_p22810_3d_stack,p22810,medium,3d_stack,6,1,22,121,84,3,tam_like,fixed_path,ok,,0.00227785,0.024438426344942244,40.9191650020853,0.0,2.2708,25.001401183110524,0.0014011831105236183,thermal_die4,0.03115666911780846,0.9973791074917137,71,0.00227188,7.097021875e-05,0.00219917021875,F:16;I:5;S:1,0,16,0,1,greedy
m10_original_control,Original M10 model without imposed shared-resource pressure,m22_m10_original_control_medium_p22810_3d_stack,m10_medium_p22810_3d_stack,p22810,medium,3d_stack,6,1,22,121,84,3,m4_greedy,joint,ok,,0.00227785,0.024438426344942244,40.9191650020853,0.0,2.2708,25.001401183110524,0.0014011831105236183,thermal_die4,0.03115666911780846,0.9973791074917137,71,0.00227188,7.097021875e-05,0.00219917021875,F:16;I:5;S:1,0,16,0,1,greedy
bist_private_control,Pressure workload with private BIST engines,m22_bist_private_control_medium_p22810_3d_stack,m10_medium_p22810_3d_stack,p22810,medium,3d_stack,6,1,22,134,86,16,pure_serial,baseline,ok,,158.42156583999991,1.0,1.0,-874994.8212928424,2.48,44.43957399647988,19.43957399647988,thermal_die5,0.0,0.9999998674422901,87,158.42154483999994,0,158.42142163999995,I:5;S:17,0,0,0,17,greedy
bist_private_control,Pressure workload with private BIST engines,m22_bist_private_control_medium_p22810_3d_stack,m10_medium_p22810_3d_stack,p22810,medium,3d_stack,6,1,22,134,86,16,fixed_fastest,fixed_path,ok,,0.01810336,0.00011427333080575495,8750.948212928424,0.0,24.269999999999996,73.29994336270123,48.29994336270123,thermal_die2,0.0,0.1292776589539179,55,0.0023403599999999992,0,0.09811220000000001,B:16;I:5;S:1,16,0,0,1,greedy
bist_private_control,Pressure workload with private BIST engines,m22_bist_private_control_medium_p22810_3d_stack,m10_medium_p22810_3d_stack,p22810,medium,3d_stack,6,1,22,134,86,16,tam_like,fixed_path,ok,,0.9901456399999998,0.0062500685102431786,159.9982461569996,-5369.402586039277,2.48,45.2679753810328,20.267975381032798,thermal_die3,0.9999741048195697,0.0022944907377464192,71,0.00227188,0.9901199999999998,0.9922481999999999,F:16;I:5;S:1,0,16,0,1,greedy
bist_private_control,Pressure workload with private BIST engines,m22_bist_private_control_medium_p22810_3d_stack,m10_medium_p22810_3d_stack,p22810,medium,3d_stack,6,1,22,134,86,16,m4_greedy,joint,ok,,0.01810336,0.00011427333080575495,8750.948212928424,0.0,24.269999999999996,73.29994336270123,48.29994336270123,thermal_die2,0.0,0.1292776589539179,55,0.0023403599999999992,0,0.09811220000000001,B:16;I:5;S:1,16,0,0,1,greedy
shared_bist_no_parallel_escape,Shared BIST pressure without FPP/hybrid escape paths,m22_shared_bist_no_parallel_escape_medium_p22810_3d_stack,m10_medium_p22810_3d_stack,p22810,medium,3d_stack,6,1,22,38,38,1,pure_serial,baseline,ok,,158.42156583999991,1.0,1.0,-164901.0142848095,2.48,44.43957399647988,19.43957399647988,thermal_die5,0.0,0.9999998674422901,87,158.42154483999994,0,158.42142163999995,I:5;S:17,0,0,0,17,greedy
shared_bist_no_parallel_escape,Shared BIST pressure without FPP/hybrid escape paths,m22_shared_bist_no_parallel_escape_medium_p22810_3d_stack,m10_medium_p22810_3d_stack,p22810,medium,3d_stack,6,1,22,38,38,1,fixed_fastest,fixed_path,ok,,0.09601248000000003,0.0006060568805194691,1650.010142848095,0.0,4.49,54.401819455248244,29.401819455248244,thermal_die3,0.0,0.024375581174447308,55,0.0023403599999999992,0,0.09811220000000002,B:16;I:5;S:1,16,0,0,1,greedy
shared_bist_no_parallel_escape,Shared BIST pressure without FPP/hybrid escape paths,m22_shared_bist_no_parallel_escape_medium_p22810_3d_stack,m10_medium_p22810_3d_stack,p22810,medium,3d_stack,6,1,22,38,38,1,tam_like,fixed_path,ok,,0.09601248000000003,0.0006060568805194691,1650.010142848095,0.0,4.49,54.401819455248244,29.401819455248244,thermal_die3,0.0,0.024375581174447308,55,0.0023403599999999992,0,0.09811220000000002,B:16;I:5;S:1,16,0,0,1,greedy
shared_bist_no_parallel_escape,Shared BIST pressure without FPP/hybrid escape paths,m22_shared_bist_no_parallel_escape_medium_p22810_3d_stack,m10_medium_p22810_3d_stack,p22810,medium,3d_stack,6,1,22,38,38,1,m4_greedy,joint,ok,,0.09601248000000003,0.0006060568805194691,1650.010142848095,0.0,4.49,54.401819455248244,29.401819455248244,thermal_die3,0.0,0.024375581174447308,55,0.0023403599999999992,0,0.09811220000000002,B:16;I:5;S:1,16,0,0,1,greedy
shared_bist_with_parallel_escape,Shared BIST pressure with FPP/hybrid alternatives,m22_shared_bist_with_parallel_escape_medium_p22810_3d_stack,m10_medium_p22810_3d_stack,p22810,medium,3d_stack,6,1,22,134,86,1,pure_serial,baseline,ok,,158.42156583999991,1.0,1.0,-164901.0142848095,2.48,44.43957399647988,19.43957399647988,thermal_die5,0.0,0.9999998674422901,87,158.42154483999994,0,158.42142163999995,I:5;S:17,0,0,0,17,greedy
shared_bist_with_parallel_escape,Shared BIST pressure with FPP/hybrid alternatives,m22_shared_bist_with_parallel_escape_medium_p22810_3d_stack,m10_medium_p22810_3d_stack,p22810,medium,3d_stack,6,1,22,134,86,1,fixed_fastest,fixed_path,ok,,0.09601248000000003,0.0006060568805194691,1650.010142848095,0.0,4.49,54.401819455248244,29.401819455248244,thermal_die3,0.0,0.024375581174447308,55,0.0023403599999999992,0,0.09811220000000002,B:16;I:5;S:1,16,0,0,1,greedy
shared_bist_with_parallel_escape,Shared BIST pressure with FPP/hybrid alternatives,m22_shared_bist_with_parallel_escape_medium_p22810_3d_stack,m10_medium_p22810_3d_stack,p22810,medium,3d_stack,6,1,22,134,86,1,tam_like,fixed_path,ok,,0.9901456399999998,0.0062500685102431786,159.9982461569996,-931.2676435396727,2.48,45.2679753810328,20.267975381032798,thermal_die3,0.9999741048195697,0.0022944907377464192,71,0.00227188,0.9901199999999998,0.9922481999999999,F:16;I:5;S:1,0,16,0,1,greedy
shared_bist_with_parallel_escape,Shared BIST pressure with FPP/hybrid alternatives,m22_shared_bist_with_parallel_escape_medium_p22810_3d_stack,m10_medium_p22810_3d_stack,p22810,medium,3d_stack,6,1,22,134,86,1,m4_greedy,joint,ok,,0.06125247999999999,0.000386642308925685,2586.3698227402374,36.20362686184132,8.38,56.378224254804564,31.378224254804564,thermal_die3,0.7307459224508137,0.037783939523754806,61,0.0023143600000000005,0.04476000000000001,0.10687820000000002,B:10;F:6;I:5;S:1,10,6,0,1,greedy
m10_original_control,Original M10 model without imposed shared-resource pressure,m22_m10_original_control_medium_p22810_5_5d_multi_tower,m10_medium_p22810_5_5d_multi_tower,p22810,medium,5_5d_multi_tower,6,3,22,121,84,3,pure_serial,baseline,ok,,0.09308675999999996,1.0,1.0,-4216.506610156128,2.1799999999999997,25.15795893408409,0.157958934084089,thermal_die1,0.0,0.9997744040076159,87,0.09306575999999994,0,0.09298096,I:5;S:17,0,0,0,17,greedy
m10_original_control,Original M10 model without imposed shared-resource pressure,m22_m10_original_control_medium_p22810_5_5d_multi_tower,m10_medium_p22810_5_5d_multi_tower,p22810,medium,5_5d_multi_tower,6,3,22,121,84,3,fixed_fastest,fixed_path,ok,,0.0021565300000000003,0.023166882164552736,43.16506610156129,0.0,2.2308,25.001562885178412,0.0015628851784121878,thermal_die0,0.03290945117851362,0.9973985986747226,71,0.0021509199999999997,7.097021874999999e-05,0.0021166102187499996,F:16;I:5;S:1,0,16,0,1,greedy
m10_original_control,Original M10 model without imposed shared-resource pressure,m22_m10_original_control_medium_p22810_5_5d_multi_tower,m10_medium_p22810_5_5d_multi_tower,p22810,medium,5_5d_multi_tower,6,3,22,121,84,3,tam_like,fixed_path,ok,,0.0021565300000000003,0.023166882164552736,43.16506610156129,0.0,2.2308,25.001562885178412,0.0015628851784121878,thermal_die0,0.03290945117851362,0.9973985986747226,71,0.0021509199999999997,7.097021874999999e-05,0.0021166102187499996,F:16;I:5;S:1,0,16,0,1,greedy
m10_original_control,Original M10 model without imposed shared-resource pressure,m22_m10_original_control_medium_p22810_5_5d_multi_tower,m10_medium_p22810_5_5d_multi_tower,p22810,medium,5_5d_multi_tower,6,3,22,121,84,3,m4_greedy,joint,ok,,0.0021565300000000003,0.023166882164552736,43.16506610156129,0.0,2.2308,25.001562885178412,0.0015628851784121878,thermal_die0,0.03290945117851362,0.9973985986747226,71,0.0021509199999999997,7.097021874999999e-05,0.0021166102187499996,F:16;I:5;S:1,0,16,0,1,greedy
bist_private_control,Pressure workload with private BIST engines,m22_bist_private_control_medium_p22810_5_5d_multi_tower,m10_medium_p22810_5_5d_multi_tower,p22810,medium,5_5d_multi_tower,6,3,22,134,86,16,pure_serial,baseline,ok,,158.42144487999994,1.0,1.0,-908246.5106785068,2.48,43.141096955459545,18.141096955459545,thermal_die5,0.0,0.9999998674421888,87,158.42142387999996,0,158.42133908,I:5;S:17,0,0,0,17,greedy
bist_private_control,Pressure workload with private BIST engines,m22_bist_private_control_medium_p22810_5_5d_multi_tower,m10_medium_p22810_5_5d_multi_tower,p22810,medium,5_5d_multi_tower,6,3,22,134,86,16,fixed_fastest,fixed_path,ok,,0.01744064,0.00011009014602291265,9083.465106785068,0.0,24.319999999999997,64.84617164331964,39.846171643319636,thermal_die3,0.0,0.12659397820263477,55,0.00220788,0,0.09482963999999999,B:16;I:5;S:1,16,0,0,1,greedy
bist_private_control,Pressure workload with private BIST engines,m22_bist_private_control_medium_p22810_5_5d_multi_tower,m10_medium_p22810_5_5d_multi_tower,p22810,medium,5_5d_multi_tower,6,3,22,134,86,16,tam_like,fixed_path,ok,,0.9901418000000003,0.006250049043234056,159.99874450305995,-5577.210239991195,2.48,45.02638442832552,20.02638442832552,thermal_die3,0.9999779829515326,0.0021723353160123123,71,0.00215092,0.9901200000000001,0.9921656400000003,F:16;I:5;S:1,0,16,0,1,greedy
bist_private_control,Pressure workload with private BIST engines,m22_bist_private_control_medium_p22810_5_5d_multi_tower,m10_medium_p22810_5_5d_multi_tower,p22810,medium,5_5d_multi_tower,6,3,22,134,86,16,m4_greedy,joint,ok,,0.01744064,0.00011009014602291265,9083.465106785068,0.0,24.319999999999997,64.84617164331964,39.846171643319636,thermal_die3,0.0,0.12659397820263477,55,0.00220788,0,0.09482963999999999,B:16;I:5;S:1,16,0,0,1,greedy
shared_bist_no_parallel_escape,Shared BIST pressure without FPP/hybrid escape paths,m22_shared_bist_no_parallel_escape_medium_p22810_5_5d_multi_tower,m10_medium_p22810_5_5d_multi_tower,p22810,medium,5_5d_multi_tower,6,3,22,38,38,3,pure_serial,baseline,ok,,158.42144487999994,1.0,1.0,-454736.70839266834,2.48,43.141096955459545,18.141096955459545,thermal_die5,0.0,0.9999998674421888,87,158.42142387999996,0,158.42133908,I:5;S:17,0,0,0,17,greedy
shared_bist_no_parallel_escape,Shared BIST pressure without FPP/hybrid escape paths,m22_shared_bist_no_parallel_escape_medium_p22810_5_5d_multi_tower,m10_medium_p22810_5_5d_multi_tower,p22810,medium,5_5d_multi_tower,6,3,22,38,38,3,fixed_fastest,fixed_path,ok,,0.0348304,0.00021985912340581861,4548.367083926683,0.0,12.690000000000001,56.577519466204855,31.577519466204855,thermal_die3,0.0,0.06338945289172677,55,0.00220788,0,0.09482963999999999,B:16;I:5;S:1,16,0,0,1,greedy
shared_bist_no_parallel_escape,Shared BIST pressure without FPP/hybrid escape paths,m22_shared_bist_no_parallel_escape_medium_p22810_5_5d_multi_tower,m10_medium_p22810_5_5d_multi_tower,p22810,medium,5_5d_multi_tower,6,3,22,38,38,3,tam_like,fixed_path,ok,,0.0348304,0.00021985912340581861,4548.367083926683,0.0,12.690000000000001,56.577519466204855,31.577519466204855,thermal_die3,0.0,0.06338945289172677,55,0.00220788,0,0.09482963999999999,B:16;I:5;S:1,16,0,0,1,greedy
shared_bist_no_parallel_escape,Shared BIST pressure without FPP/hybrid escape paths,m22_shared_bist_no_parallel_escape_medium_p22810_5_5d_multi_tower,m10_medium_p22810_5_5d_multi_tower,p22810,medium,5_5d_multi_tower,6,3,22,38,38,3,m4_greedy,joint,ok,,0.0348304,0.00021985912340581861,4548.367083926683,0.0,12.690000000000001,56.577519466204855,31.577519466204855,thermal_die3,0.0,0.06338945289172677,55,0.00220788,0,0.09482963999999999,B:16;I:5;S:1,16,0,0,1,greedy
shared_bist_with_parallel_escape,Shared BIST pressure with FPP/hybrid alternatives,m22_shared_bist_with_parallel_escape_medium_p22810_5_5d_multi_tower,m10_medium_p22810_5_5d_multi_tower,p22810,medium,5_5d_multi_tower,6,3,22,134,86,3,pure_serial,baseline,ok,,158.42144487999994,1.0,1.0,-454736.70839266834,2.48,43.141096955459545,18.141096955459545,thermal_die5,0.0,0.9999998674421888,87,158.42142387999996,0,158.42133908,I:5;S:17,0,0,0,17,greedy
shared_bist_with_parallel_escape,Shared BIST pressure with FPP/hybrid alternatives,m22_shared_bist_with_parallel_escape_medium_p22810_5_5d_multi_tower,m10_medium_p22810_5_5d_multi_tower,p22810,medium,5_5d_multi_tower,6,3,22,134,86,3,fixed_fastest,fixed_path,ok,,0.0348304,0.00021985912340581861,4548.367083926683,0.0,12.690000000000001,56.577519466204855,31.577519466204855,thermal_die3,0.0,0.06338945289172677,55,0.00220788,0,0.09482963999999999,B:16;I:5;S:1,16,0,0,1,greedy
shared_bist_with_parallel_escape,Shared BIST pressure with FPP/hybrid alternatives,m22_shared_bist_with_parallel_escape_medium_p22810_5_5d_multi_tower,m10_medium_p22810_5_5d_multi_tower,p22810,medium,5_5d_multi_tower,6,3,22,134,86,3,tam_like,fixed_path,ok,,0.9901418000000003,0.006250049043234056,159.99874450305995,-2742.751734117324,2.48,45.02638442832552,20.02638442832552,thermal_die3,0.9999779829515326,0.0021723353160123123,71,0.00215092,0.9901200000000001,0.9921656400000003,F:16;I:5;S:1,0,16,0,1,greedy
shared_bist_with_parallel_escape,Shared BIST pressure with FPP/hybrid alternatives,m22_shared_bist_with_parallel_escape_medium_p22810_5_5d_multi_tower,m10_medium_p22810_5_5d_multi_tower,p22810,medium,5_5d_multi_tower,6,3,22,134,86,3,m4_greedy,joint,ok,,0.029009919999999998,0.00018311864294618855,5460.940425895692,16.710919197023287,16.330000000000002,56.53735006712066,31.537350067120663,thermal_die3,0.7666343099188139,0.07576994352276743,58,0.002198080000000001,0.022239999999999996,0.09967264,B:13;F:3;I:5;S:1,13,3,0,1,greedy
m10_original_control,Original M10 model without imposed shared-resource pressure,m22_m10_original_control_small_d695_2_5d_interposer,m10_small_d695_2_5d_interposer,d695,small,2_5d_interposer,4,1,14,77,47,3,pure_serial,baseline,ok,,0.0036013999999999985,1.0,1.0,-197.4986782976472,2.1799999999999997,25.005483945580103,0.005483945580103011,thermal_die0,0.0,0.9963902926639637,55,0.0035883999999999977,0,0.0035451999999999997,I:3;S:11,0,0,0,11,greedy
m10_original_control,Original M10 model without imposed shared-resource pressure,m22_m10_original_control_small_d695_2_5d_interposer,m10_small_d695_2_5d_interposer,d695,small,2_5d_interposer,4,1,14,77,47,3,fixed_fastest,fixed_path,ok,,0.0012105600000000003,0.3361359471316712,2.974986782976472,0.0,2.2870999999999997,25.0017317835354,0.0017317835354013766,thermal_die0,0.0001886297715520089,0.9975218080888184,45,0.0012075600000000003,2.2834765624999995e-07,0.0011517883476562499,F:10;I:3;S:1,0,10,0,1,greedy
m10_original_control,Original M10 model without imposed shared-resource pressure,m22_m10_original_control_small_d695_2_5d_interposer,m10_small_d695_2_5d_interposer,d695,small,2_5d_interposer,4,1,14,77,47,3,tam_like,fixed_path,ok,,0.0012105600000000003,0.3361359471316712,2.974986782976472,0.0,2.2870999999999997,25.0017317835354,0.0017317835354013766,thermal_die0,0.0001886297715520089,0.9975218080888184,45,0.0012075600000000003,2.2834765624999995e-07,0.0011517883476562499,F:10;I:3;S:1,0,10,0,1,greedy
m10_original_control,Original M10 model without imposed shared-resource pressure,m22_m10_original_control_small_d695_2_5d_interposer,m10_small_d695_2_5d_interposer,d695,small,2_5d_interposer,4,1,14,77,47,3,m4_greedy,joint,ok,,0.0012105600000000003,0.3361359471316712,2.974986782976472,0.0,2.2870999999999997,25.0017317835354,0.0017317835354013766,thermal_die0,0.0001886297715520089,0.9975218080888184,45,0.0012075600000000003,2.2834765624999995e-07,0.0011517883476562499,F:10;I:3;S:1,0,10,0,1,greedy
bist_private_control,Pressure workload with private BIST engines,m22_bist_private_control_small_d695_2_5d_interposer,m10_small_d695_2_5d_interposer,d695,small,2_5d_interposer,4,1,14,84,54,10,pure_serial,baseline,ok,,10.714863120000006,1.0,1.0,-68528.70926419353,2.48,34.81142994331037,9.811429943310372,thermal_die3,0.0,0.9999987867320516,55,10.71485012000001,0,10.71480692,I:3;S:11,0,0,0,11,greedy
bist_private_control,Pressure workload with private BIST engines,m22_bist_private_control_small_d695_2_5d_interposer,m10_small_d695_2_5d_interposer,d695,small,2_5d_interposer,4,1,14,84,54,10,fixed_fastest,fixed_path,ok,,0.0156128,0.0014571161409292917,686.2870926419353,0.0,16.380000000000003,39.769210211107705,14.769210211107705,thermal_die1,0.0,0.07945019471203116,35,0.00124044,0,0.05314155999999999,B:10;I:3;S:1,10,0,0,1,greedy
bist_private_control,Pressure workload with private BIST engines,m22_bist_private_control_small_d695_2_5d_interposer,m10_small_d695_2_5d_interposer,d695,small,2_5d_interposer,4,1,14,84,54,10,tam_like,fixed_path,ok,,0.0558158,0.005209193936954368,191.96827994940512,-257.500256200041,2.48,29.642739039275956,4.6427390392759555,thermal_die1,0.999716926031697,0.0216347342508752,45,0.0012075599999999999,0.055799999999999995,0.05695156,F:10;I:3;S:1,0,10,0,1,greedy
bist_private_control,Pressure workload with private BIST engines,m22_bist_private_control_small_d695_2_5d_interposer,m10_small_d695_2_5d_interposer,d695,small,2_5d_interposer,4,1,14,84,54,10,m4_greedy,joint,ok,,0.0156128,0.0014571161409292917,686.2870926419353,0.0,16.380000000000003,39.769210211107705,14.769210211107705,thermal_die1,0.0,0.07945019471203116,35,0.00124044,0,0.05314155999999999,B:10;I:3;S:1,10,0,0,1,greedy
shared_bist_no_parallel_escape,Shared BIST pressure without FPP/hybrid escape paths,m22_shared_bist_no_parallel_escape_small_d695_2_5d_interposer,m10_small_d695_2_5d_interposer,d695,small,2_5d_interposer,4,1,14,24,24,2,pure_serial,baseline,ok,,10.714863120000006,1.0,1.0,-41090.73348505353,2.48,34.81142994331037,9.811429943310372,thermal_die3,0.0,0.9999987867320516,55,10.71485012000001,0,10.71480692,I:3;S:11,0,0,0,11,greedy
shared_bist_no_parallel_escape,Shared BIST pressure without FPP/hybrid escape paths,m22_shared_bist_no_parallel_escape_small_d695_2_5d_interposer,m10_small_d695_2_5d_interposer,d695,small,2_5d_interposer,4,1,14,24,24,2,fixed_fastest,fixed_path,ok,,0.0260128,0.0024277305000234093,411.90733485053534,0.0,8.57,38.13280428071437,13.132804280714367,thermal_die1,0.0,0.04768575470537582,35,0.00124044,0,0.05314155999999998,B:10;I:3;S:1,10,0,0,1,greedy
shared_bist_no_parallel_escape,Shared BIST pressure without FPP/hybrid escape paths,m22_shared_bist_no_parallel_escape_small_d695_2_5d_interposer,m10_small_d695_2_5d_interposer,d695,small,2_5d_interposer,4,1,14,24,24,2,tam_like,fixed_path,ok,,0.0260128,0.0024277305000234093,411.90733485053534,0.0,8.57,38.13280428071437,13.132804280714367,thermal_die1,0.0,0.04768575470537582,35,0.00124044,0,0.05314155999999998,B:10;I:3;S:1,10,0,0,1,greedy
shared_bist_no_parallel_escape,Shared BIST pressure without FPP/hybrid escape paths,m22_shared_bist_no_parallel_escape_small_d695_2_5d_interposer,m10_small_d695_2_5d_interposer,d695,small,2_5d_interposer,4,1,14,24,24,2,m4_greedy,joint,ok,,0.0260128,0.0024277305000234093,411.90733485053534,0.0,8.57,38.13280428071437,13.132804280714367,thermal_die1,0.0,0.04768575470537582,35,0.00124044,0,0.05314155999999998,B:10;I:3;S:1,10,0,0,1,greedy
shared_bist_with_parallel_escape,Shared BIST pressure with FPP/hybrid alternatives,m22_shared_bist_with_parallel_escape_small_d695_2_5d_interposer,m10_small_d695_2_5d_interposer,d695,small,2_5d_interposer,4,1,14,84,54,2,pure_serial,baseline,ok,,10.714863120000006,1.0,1.0,-41090.73348505353,2.48,34.81142994331037,9.811429943310372,thermal_die3,0.0,0.9999987867320516,55,10.71485012000001,0,10.71480692,I:3;S:11,0,0,0,11,greedy
shared_bist_with_parallel_escape,Shared BIST pressure with FPP/hybrid alternatives,m22_shared_bist_with_parallel_escape_small_d695_2_5d_interposer,m10_small_d695_2_5d_interposer,d695,small,2_5d_interposer,4,1,14,84,54,2,fixed_fastest,fixed_path,ok,,0.0260128,0.0024277305000234093,411.90733485053534,0.0,8.57,38.13280428071437,13.132804280714367,thermal_die1,0.0,0.04768575470537582,35,0.00124044,0,0.05314155999999998,B:10;I:3;S:1,10,0,0,1,greedy
shared_bist_with_parallel_escape,Shared BIST pressure with FPP/hybrid alternatives,m22_shared_bist_with_parallel_escape_small_d695_2_5d_interposer,m10_small_d695_2_5d_interposer,d695,small,2_5d_interposer,4,1,14,84,54,2,tam_like,fixed_path,ok,,0.0558158,0.005209193936954368,191.96827994940512,-114.57051912904417,2.48,29.642739039275956,4.6427390392759555,thermal_die1,0.999716926031697,0.0216347342508752,45,0.0012075599999999999,0.055799999999999995,0.05695156,F:10;I:3;S:1,0,10,0,1,greedy
shared_bist_with_parallel_escape,Shared BIST pressure with FPP/hybrid alternatives,m22_shared_bist_with_parallel_escape_small_d695_2_5d_interposer,m10_small_d695_2_5d_interposer,d695,small,2_5d_interposer,4,1,14,84,54,2,m4_greedy,joint,ok,,0.020957093333333333,0.00195588997252009,511.27620369745955,19.435457415836304,10.7,37.88589686416857,12.885896864168572,thermal_die1,0.7634646534952049,0.05872188382358368,38,0.00123064,0.016,0.05354455999999999,B:7;F:3;I:3;S:1,7,3,0,1,greedy
m10_original_control,Original M10 model without imposed shared-resource pressure,m22_m10_original_control_small_d695_3d_stack,m10_small_d695_3d_stack,d695,small,3d_stack,4,1,14,77,48,3,pure_serial,baseline,ok,,0.0036202799999999996,1.0,1.0,-194.46577303487754,2.1799999999999997,25.004820884844833,0.0048208848448325625,thermal_die1,0.0,0.9964091175268212,55,0.0036072799999999996,0,0.0035461600000000005,I:3;S:11,0,0,0,11,greedy
m10_original_control,Original M10 model without imposed shared-resource pressure,m22_m10_original_control_small_d695_3d_stack,m10_small_d695_3d_stack,d695,small,3d_stack,4,1,14,77,48,3,fixed_fastest,fixed_path,ok,,0.0012294400000000003,0.339598042140387,2.944657730348776,0.0,2.2308999999999997,25.000966987381222,0.0009669873812221397,thermal_die2,0.0014858644992842263,0.9975598646538262,45,0.0012264400000000003,1.8267812499999996e-06,0.0011543467812500001,F:10;I:3;S:1,0,10,0,1,greedy
m10_original_control,Original M10 model without imposed shared-resource pressure,m22_m10_original_control_small_d695_3d_stack,m10_small_d695_3d_stack,d695,small,3d_stack,4,1,14,77,48,3,tam_like,fixed_path,ok,,0.0012294400000000003,0.339598042140387,2.944657730348776,0.0,2.2308999999999997,25.000966987381222,0.0009669873812221397,thermal_die2,0.0014858644992842263,0.9975598646538262,45,0.0012264400000000003,1.8267812499999996e-06,0.0011543467812500001,F:10;I:3;S:1,0,10,0,1,greedy
m10_original_control,Original M10 model without imposed shared-resource pressure,m22_m10_original_control_small_d695_3d_stack,m10_small_d695_3d_stack,d695,small,3d_stack,4,1,14,77,48,3,m4_greedy,joint,ok,,0.0012294400000000003,0.339598042140387,2.944657730348776,0.0,2.2308999999999997,25.000966987381222,0.0009669873812221397,thermal_die2,0.0014858644992842263,0.9975598646538262,45,0.0012264400000000003,1.8267812499999996e-06,0.0011543467812500001,F:10;I:3;S:1,0,10,0,1,greedy
bist_private_control,Pressure workload with private BIST engines,m22_bist_private_control_small_d695_3d_stack,m10_small_d695_3d_stack,d695,small,3d_stack,4,1,14,84,54,10,pure_serial,baseline,ok,,10.714882000000003,1.0,1.0,-59259.33317378434,2.48,42.213684152438674,17.213684152438674,thermal_die3,0.0,0.9999987867341894,55,10.714869000000007,0,10.714807879999999,I:3;S:11,0,0,0,11,greedy
bist_private_control,Pressure workload with private BIST engines,m22_bist_private_control_small_d695_3d_stack,m10_small_d695_3d_stack,d695,small,3d_stack,4,1,14,84,54,10,fixed_fastest,fixed_path,ok,,0.01805088,0.0016846550433313211,593.5933317378435,0.0,16.42,64.56998477958017,39.56998477958017,thermal_die1,0.0,0.06997775177719867,35,0.00126316,0,0.06114252,B:10;I:3;S:1,10,0,0,1,greedy
bist_private_control,Pressure workload with private BIST engines,m22_bist_private_control_small_d695_3d_stack,m10_small_d695_3d_stack,d695,small,3d_stack,4,1,14,84,54,10,tam_like,fixed_path,ok,,0.06697580000000002,0.006250726792884886,159.98139626551682,-271.03897427715447,2.48,37.27352389661954,12.273523896619537,thermal_die2,0.9997640938966013,0.018311688699500412,45,0.00122644,0.06696,0.06811252000000002,F:10;I:3;S:1,0,10,0,1,greedy
bist_private_control,Pressure workload with private BIST engines,m22_bist_private_control_small_d695_3d_stack,m10_small_d695_3d_stack,d695,small,3d_stack,4,1,14,84,54,10,m4_greedy,joint,ok,,0.01805088,0.0016846550433313211,593.5933317378435,0.0,16.42,64.56998477958017,39.56998477958017,thermal_die1,0.0,0.06997775177719867,35,0.00126316,0,0.06114252,B:10;I:3;S:1,10,0,0,1,greedy
shared_bist_no_parallel_escape,Shared BIST pressure without FPP/hybrid escape paths,m22_shared_bist_no_parallel_escape_small_d695_3d_stack,m10_small_d695_3d_stack,d695,small,3d_stack,4,1,14,24,24,1,pure_serial,baseline,ok,,10.714882000000003,1.0,1.0,-17755.56546523968,2.48,42.213684152438674,17.213684152438674,thermal_die3,0.0,0.9999987867341894,55,10.714869000000007,0,10.714807879999999,I:3;S:11,0,0,0,11,greedy
shared_bist_no_parallel_escape,Shared BIST pressure without FPP/hybrid escape paths,m22_shared_bist_no_parallel_escape_small_d695_3d_stack,m10_small_d695_3d_stack,d695,small,3d_stack,4,1,14,24,24,1,fixed_fastest,fixed_path,ok,,0.06000863999999999,0.005600494713800859,178.5556546523968,0.0,4.45,51.84936477671418,26.849364776714182,thermal_die2,0.0,0.021049635519151913,35,0.00126316,0,0.06114251999999999,B:10;I:3;S:1,10,0,0,1,greedy
shared_bist_no_parallel_escape,Shared BIST pressure without FPP/hybrid escape paths,m22_shared_bist_no_parallel_escape_small_d695_3d_stack,m10_small_d695_3d_stack,d695,small,3d_stack,4,1,14,24,24,1,tam_like,fixed_path,ok,,0.06000863999999999,0.005600494713800859,178.5556546523968,0.0,4.45,51.84936477671418,26.849364776714182,thermal_die2,0.0,0.021049635519151913,35,0.00126316,0,0.06114251999999999,B:10;I:3;S:1,10,0,0,1,greedy
shared_bist_no_parallel_escape,Shared BIST pressure without FPP/hybrid escape paths,m22_shared_bist_no_parallel_escape_small_d695_3d_stack,m10_small_d695_3d_stack,d695,small,3d_stack,4,1,14,24,24,1,m4_greedy,joint,ok,,0.06000863999999999,0.005600494713800859,178.5556546523968,0.0,4.45,51.84936477671418,26.849364776714182,thermal_die2,0.0,0.021049635519151913,35,0.00126316,0,0.06114251999999999,B:10;I:3;S:1,10,0,0,1,greedy
shared_bist_with_parallel_escape,Shared BIST pressure with FPP/hybrid alternatives,m22_shared_bist_with_parallel_escape_small_d695_3d_stack,m10_small_d695_3d_stack,d695,small,3d_stack,4,1,14,84,54,1,pure_serial,baseline,ok,,10.714882000000003,1.0,1.0,-17755.56546523968,2.48,42.213684152438674,17.213684152438674,thermal_die3,0.0,0.9999987867341894,55,10.714869000000007,0,10.714807879999999,I:3;S:11,0,0,0,11,greedy
shared_bist_with_parallel_escape,Shared BIST pressure with FPP/hybrid alternatives,m22_shared_bist_with_parallel_escape_small_d695_3d_stack,m10_small_d695_3d_stack,d695,small,3d_stack,4,1,14,84,54,1,fixed_fastest,fixed_path,ok,,0.06000863999999999,0.005600494713800859,178.5556546523968,0.0,4.45,51.84936477671418,26.849364776714182,thermal_die2,0.0,0.021049635519151913,35,0.00126316,0,0.06114251999999999,B:10;I:3;S:1,10,0,0,1,greedy
shared_bist_with_parallel_escape,Shared BIST pressure with FPP/hybrid alternatives,m22_shared_bist_with_parallel_escape_small_d695_3d_stack,m10_small_d695_3d_stack,d695,small,3d_stack,4,1,14,84,54,1,tam_like,fixed_path,ok,,0.06697580000000002,0.006250726792884886,159.98139626551682,-11.610261455683764,2.48,37.27352389661954,12.273523896619537,thermal_die2,0.9997640938966013,0.018311688699500412,45,0.00122644,0.06696,0.06811252000000002,F:10;I:3;S:1,0,10,0,1,greedy
shared_bist_with_parallel_escape,Shared BIST pressure with FPP/hybrid alternatives,m22_shared_bist_with_parallel_escape_small_d695_3d_stack,m10_small_d695_3d_stack,d695,small,3d_stack,4,1,14,84,54,1,m4_greedy,joint,ok,,0.03761972,0.003510978469011604,284.8208864925098,37.30949409951632,6.44,51.237133101893875,26.237133101893875,thermal_die1,0.6804941663574318,0.03313900262947198,39,0.0012466799999999998,0.025600000000000005,0.06274652000000001,B:6;F:4;I:3;S:1,6,4,0,1,greedy
m10_original_control,Original M10 model without imposed shared-resource pressure,m22_m10_original_control_small_d695_5_5d_multi_tower,m10_small_d695_5_5d_multi_tower,d695,small,5_5d_multi_tower,4,2,14,77,48,3,pure_serial,baseline,ok,,0.003650679999999999,1.0,1.0,-189.77330454660895,2.1799999999999997,25.00584342432784,0.005843424327839131,thermal_die0,0.0,0.9964390195799138,55,0.0036376799999999986,0,0.0035868000000000002,I:3;S:11,0,0,0,11,greedy
m10_original_control,Original M10 model without imposed shared-resource pressure,m22_m10_original_control_small_d695_5_5d_multi_tower,m10_small_d695_5_5d_multi_tower,d695,small,5_5d_multi_tower,4,2,14,77,48,3,fixed_fastest,fixed_path,ok,,0.0012598400000000004,0.34509735172625394,2.8977330454660892,0.0,2.2308999999999997,25.00140038379079,0.0014003837907914374,thermal_die0,0.0014500105172085337,0.9976187452374902,45,0.00125684,1.8267812499999996e-06,0.00119498678125,F:10;I:3;S:1,0,10,0,1,greedy
m10_original_control,Original M10 model without imposed shared-resource pressure,m22_m10_original_control_small_d695_5_5d_multi_tower,m10_small_d695_5_5d_multi_tower,d695,small,5_5d_multi_tower,4,2,14,77,48,3,tam_like,fixed_path,ok,,0.0012598400000000004,0.34509735172625394,2.8977330454660892,0.0,2.2308999999999997,25.00140038379079,0.0014003837907914374,thermal_die0,0.0014500105172085337,0.9976187452374902,45,0.00125684,1.8267812499999996e-06,0.00119498678125,F:10;I:3;S:1,0,10,0,1,greedy
m10_original_control,Original M10 model without imposed shared-resource pressure,m22_m10_original_control_small_d695_5_5d_multi_tower,m10_small_d695_5_5d_multi_tower,d695,small,5_5d_multi_tower,4,2,14,77,48,3,m4_greedy,joint,ok,,0.0012598400000000004,0.34509735172625394,2.8977330454660892,0.0,2.2308999999999997,25.00140038379079,0.0014003837907914374,thermal_die0,0.0014500105172085337,0.9976187452374902,45,0.00125684,1.8267812499999996e-06,0.00119498678125,F:10;I:3;S:1,0,10,0,1,greedy
bist_private_control,Pressure workload with private BIST engines,m22_bist_private_control_small_d695_5_5d_multi_tower,m10_small_d695_5_5d_multi_tower,d695,small,5_5d_multi_tower,4,2,14,84,54,10,pure_serial,baseline,ok,,10.714912400000005,1.0,1.0,-61433.55860408707,2.48,42.65079925778436,17.650799257784357,thermal_die1,0.0,0.9999987867376314,55,10.714899400000007,0,10.71484852,I:3;S:11,0,0,0,11,greedy
bist_private_control,Pressure workload with private BIST engines,m22_bist_private_control_small_d695_5_5d_multi_tower,m10_small_d695_5_5d_multi_tower,d695,small,5_5d_multi_tower,4,2,14,84,54,10,fixed_fastest,fixed_path,ok,,0.017413119999999997,0.0016251294784267196,615.3355860408707,0.0,16.51,61.23258069352769,36.23258069352769,thermal_die1,0.0,0.07413949941193765,35,0.0012909999999999996,0,0.05918316,B:10;I:3;S:1,10,0,0,1,greedy
bist_private_control,Pressure workload with private BIST engines,m22_bist_private_control_small_d695_5_5d_multi_tower,m10_small_d695_5_5d_multi_tower,d695,small,5_5d_multi_tower,4,2,14,84,54,10,tam_like,fixed_path,ok,,0.06697452000000001,0.006250589598847302,159.98490769325414,-284.6210213907675,2.48,35.94113867548875,10.941138675488752,thermal_die1,0.9997832011338043,0.018765942630122618,45,0.00125684,0.06696,0.06815316000000002,F:10;I:3;S:1,0,10,0,1,greedy
bist_private_control,Pressure workload with private BIST engines,m22_bist_private_control_small_d695_5_5d_multi_tower,m10_small_d695_5_5d_multi_tower,d695,small,5_5d_multi_tower,4,2,14,84,54,10,m4_greedy,joint,ok,,0.017413119999999997,0.0016251294784267196,615.3355860408707,0.0,16.51,61.23258069352769,36.23258069352769,thermal_die1,0.0,0.07413949941193765,35,0.0012909999999999996,0,0.05918316,B:10;I:3;S:1,10,0,0,1,greedy
shared_bist_no_parallel_escape,Shared BIST pressure without FPP/hybrid escape paths,m22_shared_bist_no_parallel_escape_small_d695_5_5d_multi_tower,m10_small_d695_5_5d_multi_tower,d695,small,5_5d_multi_tower,4,2,14,24,24,2,pure_serial,baseline,ok,,10.714912400000005,1.0,1.0,-30682.901631808796,2.48,42.65079925778436,17.650799257784357,thermal_die1,0.0,0.9999987867376314,55,10.714899400000007,0,10.71484852,I:3;S:11,0,0,0,11,greedy
shared_bist_no_parallel_escape,Shared BIST pressure without FPP/hybrid escape paths,m22_shared_bist_no_parallel_escape_small_d695_5_5d_multi_tower,m10_small_d695_5_5d_multi_tower,d695,small,5_5d_multi_tower,4,2,14,24,24,2,fixed_fastest,fixed_path,ok,,0.034808,0.0032485566564221264,307.82901631808795,0.0,8.530000000000001,53.525594414865644,28.525594414865644,thermal_die1,0.0,0.0370891749023213,35,0.0012909999999999996,0,0.05918315999999999,B:10;I:3;S:1,10,0,0,1,greedy
shared_bist_no_parallel_escape,Shared BIST pressure without FPP/hybrid escape paths,m22_shared_bist_no_parallel_escape_small_d695_5_5d_multi_tower,m10_small_d695_5_5d_multi_tower,d695,small,5_5d_multi_tower,4,2,14,24,24,2,tam_like,fixed_path,ok,,0.034808,0.0032485566564221264,307.82901631808795,0.0,8.530000000000001,53.525594414865644,28.525594414865644,thermal_die1,0.0,0.0370891749023213,35,0.0012909999999999996,0,0.05918315999999999,B:10;I:3;S:1,10,0,0,1,greedy
shared_bist_no_parallel_escape,Shared BIST pressure without FPP/hybrid escape paths,m22_shared_bist_no_parallel_escape_small_d695_5_5d_multi_tower,m10_small_d695_5_5d_multi_tower,d695,small,5_5d_multi_tower,4,2,14,24,24,2,m4_greedy,joint,ok,,0.034808,0.0032485566564221264,307.82901631808795,0.0,8.530000000000001,53.525594414865644,28.525594414865644,thermal_die1,0.0,0.0370891749023213,35,0.0012909999999999996,0,0.05918315999999999,B:10;I:3;S:1,10,0,0,1,greedy
shared_bist_with_parallel_escape,Shared BIST pressure with FPP/hybrid alternatives,m22_shared_bist_with_parallel_escape_small_d695_5_5d_multi_tower,m10_small_d695_5_5d_multi_tower,d695,small,5_5d_multi_tower,4,2,14,84,54,2,pure_serial,baseline,ok,,10.714912400000005,1.0,1.0,-30682.901631808796,2.48,42.65079925778436,17.650799257784357,thermal_die1,0.0,0.9999987867376314,55,10.714899400000007,0,10.71484852,I:3;S:11,0,0,0,11,greedy
shared_bist_with_parallel_escape,Shared BIST pressure with FPP/hybrid alternatives,m22_shared_bist_with_parallel_escape_small_d695_5_5d_multi_tower,m10_small_d695_5_5d_multi_tower,d695,small,5_5d_multi_tower,4,2,14,84,54,2,fixed_fastest,fixed_path,ok,,0.034808,0.0032485566564221264,307.82901631808795,0.0,8.530000000000001,53.525594414865644,28.525594414865644,thermal_die1,0.0,0.0370891749023213,35,0.0012909999999999996,0,0.05918315999999999,B:10;I:3;S:1,10,0,0,1,greedy
shared_bist_with_parallel_escape,Shared BIST pressure with FPP/hybrid alternatives,m22_shared_bist_with_parallel_escape_small_d695_5_5d_multi_tower,m10_small_d695_5_5d_multi_tower,d695,small,5_5d_multi_tower,4,2,14,84,54,2,tam_like,fixed_path,ok,,0.06697452000000001,0.006250589598847302,159.98490769325414,-92.41128476212369,2.48,35.94113867548875,10.941138675488752,thermal_die1,0.9997832011338043,0.018765942630122618,45,0.00125684,0.06696,0.06815316000000002,F:10;I:3;S:1,0,10,0,1,greedy
shared_bist_with_parallel_escape,Shared BIST pressure with FPP/hybrid alternatives,m22_shared_bist_with_parallel_escape_small_d695_5_5d_multi_tower,m10_small_d695_5_5d_multi_tower,d695,small,5_5d_multi_tower,4,2,14,84,54,2,m4_greedy,joint,ok,,0.023207999999999996,0.002165953311946814,461.69046880386105,33.32567225925075,10.63,52.10016146867109,27.10016146867109,thermal_die1,0.8273009307135473,0.055177524991382294,38,0.00128056,0.019200000000000002,0.060986160000000005,B:7;F:3;I:3;S:1,7,3,0,1,greedy
m10_original_control,Original M10 model without imposed shared-resource pressure,m22_m10_original_control_xlarge_p93791_2_5d_interposer,m10_xlarge_p93791_2_5d_interposer,p93791,xlarge,2_5d_interposer,12,1,36,184,115,4,pure_serial,baseline,ok,,0.17553611999999993,1.0,1.0,-3230.451709849278,2.1799999999999997,25.13229841186787,0.13229841186786828,thermal_die8,0.0,0.999800610837245,143,0.17550111999999987,0,0.17538688000000002,I:11;S:25,0,0,0,25,greedy
m10_original_control,Original M10 model without imposed shared-resource pressure,m22_m10_original_control_xlarge_p93791_2_5d_interposer,m10_xlarge_p93791_2_5d_interposer,p93791,xlarge,2_5d_interposer,12,1,36,184,115,4,fixed_fastest,fixed_path,ok,,0.005270639999999998,0.030025957050890725,33.30451709849278,0.0,2.2301999999999995,25.008775647789925,0.00877564778992479,thermal_die0,0.0031521825681985506,0.9979129669262176,119,0.005259639999999998,1.6614019531250004e-05,0.0051312940195312505,F:24;I:11;S:1,0,24,0,1,greedy
m10_original_control,Original M10 model without imposed shared-resource pressure,m22_m10_original_control_xlarge_p93791_2_5d_interposer,m10_xlarge_p93791_2_5d_interposer,p93791,xlarge,2_5d_interposer,12,1,36,184,115,4,tam_like,fixed_path,ok,,0.005270639999999998,0.030025957050890725,33.30451709849278,0.0,2.2301999999999995,25.008775647789925,0.00877564778992479,thermal_die0,0.0031521825681985506,0.9979129669262176,119,0.005259639999999998,1.6614019531250004e-05,0.0051312940195312505,F:24;I:11;S:1,0,24,0,1,greedy
m10_original_control,Original M10 model without imposed shared-resource pressure,m22_m10_original_control_xlarge_p93791_2_5d_interposer,m10_xlarge_p93791_2_5d_interposer,p93791,xlarge,2_5d_interposer,12,1,36,184,115,4,m4_greedy,joint,ok,,0.005270639999999998,0.030025957050890725,33.30451709849278,0.0,2.2301999999999995,25.008775647789925,0.00877564778992479,thermal_die0,0.0031521825681985506,0.9979129669262176,119,0.005259639999999998,1.6614019531250004e-05,0.0051312940195312505,F:24;I:11;S:1,0,24,0,1,greedy
bist_private_control,Pressure workload with private BIST engines,m22_bist_private_control_xlarge_p93791_2_5d_interposer,m10_xlarge_p93791_2_5d_interposer,p93791,xlarge,2_5d_interposer,12,1,36,204,132,24,pure_serial,baseline,ok,,142.1366085599996,1.0,1.0,-1356869.7300888973,2.48,35.21463999553602,10.214639995536018,thermal_die7,0.0,0.9999997537580201,143,142.13657355999968,0,142.13645931999991,I:11;S:25,0,0,0,25,greedy
bist_private_control,Pressure workload with private BIST engines,m22_bist_private_control_xlarge_p93791_2_5d_interposer,m10_xlarge_p93791_2_5d_interposer,p93791,xlarge,2_5d_interposer,12,1,36,204,132,24,fixed_fastest,fixed_path,ok,,0.010474559999999999,7.36936114215671e-05,13569.697300888974,0.0,48.38000000000001,37.514735498076675,12.514735498076675,thermal_die7,0.0,0.5099860996547816,95,0.005341879999999988,0,0.12989067999999998,B:24;I:11;S:1,24,0,0,1,greedy
bist_private_control,Pressure workload with private BIST engines,m22_bist_private_control_xlarge_p93791_2_5d_interposer,m10_xlarge_p93791_2_5d_interposer,p93791,xlarge,2_5d_interposer,12,1,36,204,132,24,tam_like,fixed_path,ok,,0.7402964666666672,0.005208344804105612,191.999577142382,-6967.566243037103,2.76,36.04524962100599,11.045249621005993,thermal_die2,0.9999597458567722,0.007104775231040313,119,0.005259639999999998,0.7402666666666669,0.7453813466666671,F:24;I:11;S:1,0,24,0,1,greedy
bist_private_control,Pressure workload with private BIST engines,m22_bist_private_control_xlarge_p93791_2_5d_interposer,m10_xlarge_p93791_2_5d_interposer,p93791,xlarge,2_5d_interposer,12,1,36,204,132,24,m4_greedy,joint,ok,,0.010474559999999999,7.36936114215671e-05,13569.697300888974,0.0,48.38000000000001,37.514735498076675,12.514735498076675,thermal_die7,0.0,0.5099860996547816,95,0.005341879999999988,0,0.12989067999999998,B:24;I:11;S:1,24,0,0,1,greedy
shared_bist_no_parallel_escape,Shared BIST pressure without FPP/hybrid escape paths,m22_shared_bist_no_parallel_escape_xlarge_p93791_2_5d_interposer,m10_xlarge_p93791_2_5d_interposer,p93791,xlarge,2_5d_interposer,12,1,36,60,60,2,pure_serial,baseline,ok,,142.1366085599996,1.0,1.0,-227630.4733523027,2.48,35.21463999553602,10.214639995536018,thermal_die7,0.0,0.9999997537580201,143,142.13657355999968,0,142.13645931999991,I:11;S:25,0,0,0,25,greedy
shared_bist_no_parallel_escape,Shared BIST pressure without FPP/hybrid escape paths,m22_shared_bist_no_parallel_escape_xlarge_p93791_2_5d_interposer,m10_xlarge_p93791_2_5d_interposer,p93791,xlarge,2_5d_interposer,12,1,36,60,60,2,fixed_fastest,fixed_path,ok,,0.06241439999999998,0.00043911558487518877,2277.304733523027,0.0,8.65,33.21093349016546,8.21093349016546,thermal_die7,0.0,0.08558730036658191,95,0.005341879999999988,0,0.12989067999999993,B:24;I:11;S:1,24,0,0,1,greedy
shared_bist_no_parallel_escape,Shared BIST pressure without FPP/hybrid escape paths,m22_shared_bist_no_parallel_escape_xlarge_p93791_2_5d_interposer,m10_xlarge_p93791_2_5d_interposer,p93791,xlarge,2_5d_interposer,12,1,36,60,60,2,tam_like,fixed_path,ok,,0.06241439999999998,0.00043911558487518877,2277.304733523027,0.0,8.65,33.21093349016546,8.21093349016546,thermal_die7,0.0,0.08558730036658191,95,0.005341879999999988,0,0.12989067999999993,B:24;I:11;S:1,24,0,0,1,greedy
shared_bist_no_parallel_escape,Shared BIST pressure without FPP/hybrid escape paths,m22_shared_bist_no_parallel_escape_xlarge_p93791_2_5d_interposer,m10_xlarge_p93791_2_5d_interposer,p93791,xlarge,2_5d_interposer,12,1,36,60,60,2,m4_greedy,joint,ok,,0.06241439999999998,0.00043911558487518877,2277.304733523027,0.0,8.65,33.21093349016546,8.21093349016546,thermal_die7,0.0,0.08558730036658191,95,0.005341879999999988,0,0.12989067999999993,B:24;I:11;S:1,24,0,0,1,greedy
shared_bist_with_parallel_escape,Shared BIST pressure with FPP/hybrid alternatives,m22_shared_bist_with_parallel_escape_xlarge_p93791_2_5d_interposer,m10_xlarge_p93791_2_5d_interposer,p93791,xlarge,2_5d_interposer,12,1,36,204,132,2,pure_serial,baseline,ok,,142.1366085599996,1.0,1.0,-227630.4733523027,2.48,35.21463999553602,10.214639995536018,thermal_die7,0.0,0.9999997537580201,143,142.13657355999968,0,142.13645931999991,I:11;S:25,0,0,0,25,greedy
shared_bist_with_parallel_escape,Shared BIST pressure with FPP/hybrid alternatives,m22_shared_bist_with_parallel_escape_xlarge_p93791_2_5d_interposer,m10_xlarge_p93791_2_5d_interposer,p93791,xlarge,2_5d_interposer,12,1,36,204,132,2,fixed_fastest,fixed_path,ok,,0.06241439999999998,0.00043911558487518877,2277.304733523027,0.0,8.65,33.21093349016546,8.21093349016546,thermal_die7,0.0,0.08558730036658191,95,0.005341879999999988,0,0.12989067999999993,B:24;I:11;S:1,24,0,0,1,greedy
shared_bist_with_parallel_escape,Shared BIST pressure with FPP/hybrid alternatives,m22_shared_bist_with_parallel_escape_xlarge_p93791_2_5d_interposer,m10_xlarge_p93791_2_5d_interposer,p93791,xlarge,2_5d_interposer,12,1,36,204,132,2,tam_like,fixed_path,ok,,0.7402964666666672,0.005208344804105612,191.999577142382,-1086.0988276209775,2.76,36.04524962100599,11.045249621005993,thermal_die2,0.9999597458567722,0.007104775231040313,119,0.005259639999999998,0.7402666666666669,0.7453813466666671,F:24;I:11;S:1,0,24,0,1,greedy
shared_bist_with_parallel_escape,Shared BIST pressure with FPP/hybrid alternatives,m22_shared_bist_with_parallel_escape_xlarge_p93791_2_5d_interposer,m10_xlarge_p93791_2_5d_interposer,p93791,xlarge,2_5d_interposer,12,1,36,204,132,2,m4_greedy,joint,ok,,0.04864252000000002,0.0003422237275308756,2922.065068997238,22.065228537004224,10.7,33.83722717606624,8.837227176066243,thermal_die2,0.9991258676565276,0.10940304901966402,101,0.00532163999999999,0.04860000000000002,0.14729667999999996,B:18;F:6;I:11;S:1,18,6,0,1,greedy
m10_original_control,Original M10 model without imposed shared-resource pressure,m22_m10_original_control_xlarge_p93791_3d_stack,m10_xlarge_p93791_3d_stack,p93791,xlarge,3d_stack,12,1,36,184,124,4,pure_serial,baseline,ok,,0.17668523999999985,1.0,1.0,-2652.2094283898446,2.1799999999999997,25.152052567151976,0.15205256715197635,thermal_die8,0.0,0.9998019076183157,143,0.1766502399999998,0,0.1762979199999999,I:11;S:25,0,0,0,25,greedy
m10_original_control,Original M10 model without imposed shared-resource pressure,m22_m10_original_control_xlarge_p93791_3d_stack,m10_xlarge_p93791_3d_stack,p93791,xlarge,3d_stack,12,1,36,184,124,4,fixed_fastest,fixed_path,ok,,0.006419759999999999,0.036334444235409845,27.522094283898443,0.0,2.4313000000000002,25.003214774323475,0.0032147743234745008,thermal_die10,0.02070360204275549,0.9982865403068026,119,0.006408759999999999,0.00013291215624999998,0.0061586321562500015,F:24;I:11;S:1,0,24,0,1,greedy
m10_original_control,Original M10 model without imposed shared-resource pressure,m22_m10_original_control_xlarge_p93791_3d_stack,m10_xlarge_p93791_3d_stack,p93791,xlarge,3d_stack,12,1,36,184,124,4,tam_like,fixed_path,ok,,0.006419759999999999,0.036334444235409845,27.522094283898443,0.0,2.4313000000000002,25.003214774323475,0.0032147743234745008,thermal_die10,0.02070360204275549,0.9982865403068026,119,0.006408759999999999,0.00013291215624999998,0.0061586321562500015,F:24;I:11;S:1,0,24,0,1,greedy
m10_original_control,Original M10 model without imposed shared-resource pressure,m22_m10_original_control_xlarge_p93791_3d_stack,m10_xlarge_p93791_3d_stack,p93791,xlarge,3d_stack,12,1,36,184,124,4,m4_greedy,joint,ok,,0.006419759999999999,0.036334444235409845,27.522094283898443,0.0,2.4313000000000002,25.003214774323475,0.0032147743234745008,thermal_die10,0.02070360204275549,0.9982865403068026,119,0.006408759999999999,0.00013291215624999998,0.0061586321562500015,F:24;I:11;S:1,0,24,0,1,greedy
bist_private_control,Pressure workload with private BIST engines,m22_bist_private_control_xlarge_p93791_3d_stack,m10_xlarge_p93791_3d_stack,p93791,xlarge,3d_stack,12,1,36,204,132,24,pure_serial,baseline,ok,,142.13775767999968,1.0,1.0,-1159186.1614250266,2.48,52.57917133162456,27.579171331624558,thermal_die10,0.0,0.9999997537600108,143,142.13772267999977,0,142.13737035999984,I:11;S:25,0,0,0,25,greedy
bist_private_control,Pressure workload with private BIST engines,m22_bist_private_control_xlarge_p93791_3d_stack,m10_xlarge_p93791_3d_stack,p93791,xlarge,3d_stack,12,1,36,204,132,24,fixed_fastest,fixed_path,ok,,0.0122608,8.625997905217572e-05,11592.861614250267,0.0,48.500000000000014,66.61809109280892,41.618091092808925,thermal_die10,0.0,0.5351526817173429,95,0.006561399999999998,0,0.1500017200000001,B:24;I:11;S:1,24,0,0,1,greedy
bist_private_control,Pressure workload with private BIST engines,m22_bist_private_control_xlarge_p93791_3d_stack,m10_xlarge_p93791_3d_stack,p93791,xlarge,3d_stack,12,1,36,204,132,24,tam_like,fixed_path,ok,,0.8883600400000001,0.006249993348002576,160.0001702913153,-7145.5307973378585,2.75,53.809356061708996,28.809356061708996,thermal_die9,0.9999549281842978,0.007214147092883644,119,0.006408759999999999,0.88832,0.89434572,F:24;I:11;S:1,0,24,0,1,greedy
bist_private_control,Pressure workload with private BIST engines,m22_bist_private_control_xlarge_p93791_3d_stack,m10_xlarge_p93791_3d_stack,p93791,xlarge,3d_stack,12,1,36,204,132,24,m4_greedy,joint,ok,,0.0122608,8.625997905217572e-05,11592.861614250267,0.0,48.500000000000014,66.61809109280892,41.618091092808925,thermal_die10,0.0,0.5351526817173429,95,0.006561399999999998,0,0.1500017200000001,B:24;I:11;S:1,24,0,0,1,greedy
shared_bist_no_parallel_escape,Shared BIST pressure without FPP/hybrid escape paths,m22_shared_bist_no_parallel_escape_xlarge_p93791_3d_stack,m10_xlarge_p93791_3d_stack,p93791,xlarge,3d_stack,12,1,36,60,60,1,pure_serial,baseline,ok,,142.13775767999968,1.0,1.0,-98593.83630812822,2.48,52.57917133162456,27.579171331624558,thermal_die10,0.0,0.9999997537600108,143,142.13772267999977,0,142.13737035999984,I:11;S:25,0,0,0,25,greedy
shared_bist_no_parallel_escape,Shared BIST pressure without FPP/hybrid escape paths,m22_shared_bist_no_parallel_escape_xlarge_p93791_3d_stack,m10_xlarge_p93791_3d_stack,p93791,xlarge,3d_stack,12,1,36,60,60,1,fixed_fastest,fixed_path,ok,,0.14401888000000007,0.0010132345011677716,986.9383630812822,0.0,4.61,55.4599275840602,30.459927584060203,thermal_die9,0.0,0.04555930444675028,95,0.006561399999999998,0,0.15000172000000006,B:24;I:11;S:1,24,0,0,1,greedy
shared_bist_no_parallel_escape,Shared BIST pressure without FPP/hybrid escape paths,m22_shared_bist_no_parallel_escape_xlarge_p93791_3d_stack,m10_xlarge_p93791_3d_stack,p93791,xlarge,3d_stack,12,1,36,60,60,1,tam_like,fixed_path,ok,,0.14401888000000007,0.0010132345011677716,986.9383630812822,0.0,4.61,55.4599275840602,30.459927584060203,thermal_die9,0.0,0.04555930444675028,95,0.006561399999999998,0,0.15000172000000006,B:24;I:11;S:1,24,0,0,1,greedy
shared_bist_no_parallel_escape,Shared BIST pressure without FPP/hybrid escape paths,m22_shared_bist_no_parallel_escape_xlarge_p93791_3d_stack,m10_xlarge_p93791_3d_stack,p93791,xlarge,3d_stack,12,1,36,60,60,1,m4_greedy,joint,ok,,0.14401888000000007,0.0010132345011677716,986.9383630812822,0.0,4.61,55.4599275840602,30.459927584060203,thermal_die9,0.0,0.04555930444675028,95,0.006561399999999998,0,0.15000172000000006,B:24;I:11;S:1,24,0,0,1,greedy
shared_bist_with_parallel_escape,Shared BIST pressure with FPP/hybrid alternatives,m22_shared_bist_with_parallel_escape_xlarge_p93791_3d_stack,m10_xlarge_p93791_3d_stack,p93791,xlarge,3d_stack,12,1,36,204,132,1,pure_serial,baseline,ok,,142.13775767999968,1.0,1.0,-98593.83630812822,2.48,52.57917133162456,27.579171331624558,thermal_die10,0.0,0.9999997537600108,143,142.13772267999977,0,142.13737035999984,I:11;S:25,0,0,0,25,greedy
shared_bist_with_parallel_escape,Shared BIST pressure with FPP/hybrid alternatives,m22_shared_bist_with_parallel_escape_xlarge_p93791_3d_stack,m10_xlarge_p93791_3d_stack,p93791,xlarge,3d_stack,12,1,36,204,132,1,fixed_fastest,fixed_path,ok,,0.14401888000000007,0.0010132345011677716,986.9383630812822,0.0,4.61,55.4599275840602,30.459927584060203,thermal_die9,0.0,0.04555930444675028,95,0.006561399999999998,0,0.15000172000000006,B:24;I:11;S:1,24,0,0,1,greedy
shared_bist_with_parallel_escape,Shared BIST pressure with FPP/hybrid alternatives,m22_shared_bist_with_parallel_escape_xlarge_p93791_3d_stack,m10_xlarge_p93791_3d_stack,p93791,xlarge,3d_stack,12,1,36,204,132,1,tam_like,fixed_path,ok,,0.8883600400000001,0.006249993348002576,160.0001702913153,-516.8358204146565,2.75,53.809356061708996,28.809356061708996,thermal_die9,0.9999549281842978,0.007214147092883644,119,0.006408759999999999,0.88832,0.89434572,F:24;I:11;S:1,0,24,0,1,greedy
shared_bist_with_parallel_escape,Shared BIST pressure with FPP/hybrid alternatives,m22_shared_bist_with_parallel_escape_xlarge_p93791_3d_stack,m10_xlarge_p93791_3d_stack,p93791,xlarge,3d_stack,12,1,36,204,132,1,m4_greedy,joint,ok,,0.09001888000000002,0.0006333213740620776,1578.9771843417698,37.495083977878465,7.76,55.81683613312754,30.816836133127538,thermal_die8,0.9131417764806667,0.07219285554319267,104,0.006498719999999998,0.08219999999999998,0.17821072000000004,B:15;F:9;I:11;S:1,15,9,0,1,greedy
m10_original_control,Original M10 model without imposed shared-resource pressure,m22_m10_original_control_xlarge_p93791_5_5d_multi_tower,m10_xlarge_p93791_5_5d_multi_tower,p93791,xlarge,5_5d_multi_tower,12,6,36,184,124,4,pure_serial,baseline,ok,,0.17504524000000007,1.0,1.0,-3562.2181866871992,2.1799999999999997,25.136418138864432,0.13641813886443188,thermal_die8,0.0,0.9998000516894943,143,0.17501024,0,0.17486272000000003,I:11;S:25,0,0,0,25,greedy
m10_original_control,Original M10 model without imposed shared-resource pressure,m22_m10_original_control_xlarge_p93791_5_5d_multi_tower,m10_xlarge_p93791_5_5d_multi_tower,p93791,xlarge,5_5d_multi_tower,12,6,36,184,124,4,fixed_fastest,fixed_path,ok,,0.00477976,0.0273058553320273,36.62218186687199,0.0,2.3853,25.001730729150488,0.0017307291504877753,thermal_die8,0.027807286610624808,0.9976986292198771,119,0.0047687599999999995,0.00013291215625000003,0.004723432156250001,F:24;I:11;S:1,0,24,0,1,greedy
m10_original_control,Original M10 model without imposed shared-resource pressure,m22_m10_original_control_xlarge_p93791_5_5d_multi_tower,m10_xlarge_p93791_5_5d_multi_tower,p93791,xlarge,5_5d_multi_tower,12,6,36,184,124,4,tam_like,fixed_path,ok,,0.00477976,0.0273058553320273,36.62218186687199,0.0,2.3853,25.001730729150488,0.0017307291504877753,thermal_die8,0.027807286610624808,0.9976986292198771,119,0.0047687599999999995,0.00013291215625000003,0.004723432156250001,F:24;I:11;S:1,0,24,0,1,greedy
m10_original_control,Original M10 model without imposed shared-resource pressure,m22_m10_original_control_xlarge_p93791_5_5d_multi_tower,m10_xlarge_p93791_5_5d_multi_tower,p93791,xlarge,5_5d_multi_tower,12,6,36,184,124,4,m4_greedy,joint,ok,,0.00477976,0.0273058553320273,36.62218186687199,0.0,2.3853,25.001730729150488,0.0017307291504877753,thermal_die8,0.027807286610624808,0.9976986292198771,119,0.0047687599999999995,0.00013291215625000003,0.004723432156250001,F:24;I:11;S:1,0,24,0,1,greedy
bist_private_control,Pressure workload with private BIST engines,m22_bist_private_control_xlarge_p93791_5_5d_multi_tower,m10_xlarge_p93791_5_5d_multi_tower,p93791,xlarge,5_5d_multi_tower,12,6,36,204,132,24,pure_serial,baseline,ok,,142.13611767999976,1.0,1.0,-1216518.8275493693,2.48,43.14109648958531,18.14109648958531,thermal_die5,0.0,0.9999997537571697,143,142.13608267999984,0,142.13593515999995,I:11;S:25,0,0,0,25,greedy
bist_private_control,Pressure workload with private BIST engines,m22_bist_private_control_xlarge_p93791_5_5d_multi_tower,m10_xlarge_p93791_5_5d_multi_tower,p93791,xlarge,5_5d_multi_tower,12,6,36,204,132,24,fixed_fastest,fixed_path,ok,,0.01168288,8.219501271522291e-05,12166.188275493692,0.0,48.430000000000014,54.29495113267186,29.294951132671862,thermal_die7,0.0,0.41577076885151565,95,0.004857399999999995,0,0.14376651999999998,B:24;I:11;S:1,24,0,0,1,greedy
bist_private_control,Pressure workload with private BIST engines,m22_bist_private_control_xlarge_p93791_5_5d_multi_tower,m10_xlarge_p93791_5_5d_multi_tower,p93791,xlarge,5_5d_multi_tower,12,6,36,204,132,24,tam_like,fixed_path,ok,,0.8883498000000003,0.0062499934182809165,160.00016849218596,-7503.859664740205,2.48,44.998654972337064,19.998654972337064,thermal_die9,0.9999664546555869,0.005368110624891228,119,0.004768759999999999,0.88832,0.8929105200000003,F:24;I:11;S:1,0,24,0,1,greedy
bist_private_control,Pressure workload with private BIST engines,m22_bist_private_control_xlarge_p93791_5_5d_multi_tower,m10_xlarge_p93791_5_5d_multi_tower,p93791,xlarge,5_5d_multi_tower,12,6,36,204,132,24,m4_greedy,joint,ok,,0.01168288,8.219501271522291e-05,12166.188275493692,0.0,48.430000000000014,54.29495113267186,29.294951132671862,thermal_die7,0.0,0.41577076885151565,95,0.004857399999999995,0,0.14376651999999998,B:24;I:11;S:1,24,0,0,1,greedy
shared_bist_no_parallel_escape,Shared BIST pressure without FPP/hybrid escape paths,m22_shared_bist_no_parallel_escape_xlarge_p93791_5_5d_multi_tower,m10_xlarge_p93791_5_5d_multi_tower,p93791,xlarge,5_5d_multi_tower,12,6,36,60,60,3,pure_serial,baseline,ok,,142.13611767999976,1.0,1.0,-306052.5938600658,2.48,43.14109648958531,18.14109648958531,thermal_die5,0.0,0.9999997537571697,143,142.13608267999984,0,142.13593515999995,I:11;S:25,0,0,0,25,greedy
shared_bist_no_parallel_escape,Shared BIST pressure without FPP/hybrid escape paths,m22_shared_bist_no_parallel_escape_xlarge_p93791_5_5d_multi_tower,m10_xlarge_p93791_5_5d_multi_tower,p93791,xlarge,5_5d_multi_tower,12,6,36,60,60,3,fixed_fastest,fixed_path,ok,,0.04642656,0.00032663450189714,3061.525938600658,0.0,12.860000000000001,46.37807566291576,21.378075662915762,thermal_die7,0.0,0.10462545577359157,95,0.004857399999999995,0,0.14376652,B:24;I:11;S:1,24,0,0,1,greedy
shared_bist_no_parallel_escape,Shared BIST pressure without FPP/hybrid escape paths,m22_shared_bist_no_parallel_escape_xlarge_p93791_5_5d_multi_tower,m10_xlarge_p93791_5_5d_multi_tower,p93791,xlarge,5_5d_multi_tower,12,6,36,60,60,3,tam_like,fixed_path,ok,,0.04642656,0.00032663450189714,3061.525938600658,0.0,12.860000000000001,46.37807566291576,21.378075662915762,thermal_die7,0.0,0.10462545577359157,95,0.004857399999999995,0,0.14376652,B:24;I:11;S:1,24,0,0,1,greedy
shared_bist_no_parallel_escape,Shared BIST pressure without FPP/hybrid escape paths,m22_shared_bist_no_parallel_escape_xlarge_p93791_5_5d_multi_tower,m10_xlarge_p93791_5_5d_multi_tower,p93791,xlarge,5_5d_multi_tower,12,6,36,60,60,3,m4_greedy,joint,ok,,0.04642656,0.00032663450189714,3061.525938600658,0.0,12.860000000000001,46.37807566291576,21.378075662915762,thermal_die7,0.0,0.10462545577359157,95,0.004857399999999995,0,0.14376652,B:24;I:11;S:1,24,0,0,1,greedy
shared_bist_with_parallel_escape,Shared BIST pressure with FPP/hybrid alternatives,m22_shared_bist_with_parallel_escape_xlarge_p93791_5_5d_multi_tower,m10_xlarge_p93791_5_5d_multi_tower,p93791,xlarge,5_5d_multi_tower,12,6,36,204,132,3,pure_serial,baseline,ok,,142.13611767999976,1.0,1.0,-306052.5938600658,2.48,43.14109648958531,18.14109648958531,thermal_die5,0.0,0.9999997537571697,143,142.13608267999984,0,142.13593515999995,I:11;S:25,0,0,0,25,greedy
shared_bist_with_parallel_escape,Shared BIST pressure with FPP/hybrid alternatives,m22_shared_bist_with_parallel_escape_xlarge_p93791_5_5d_multi_tower,m10_xlarge_p93791_5_5d_multi_tower,p93791,xlarge,5_5d_multi_tower,12,6,36,204,132,3,fixed_fastest,fixed_path,ok,,0.04642656,0.00032663450189714,3061.525938600658,0.0,12.860000000000001,46.37807566291576,21.378075662915762,thermal_die7,0.0,0.10462545577359157,95,0.004857399999999995,0,0.14376652,B:24;I:11;S:1,24,0,0,1,greedy
shared_bist_with_parallel_escape,Shared BIST pressure with FPP/hybrid alternatives,m22_shared_bist_with_parallel_escape_xlarge_p93791_5_5d_multi_tower,m10_xlarge_p93791_5_5d_multi_tower,p93791,xlarge,5_5d_multi_tower,12,6,36,204,132,3,tam_like,fixed_path,ok,,0.8883498000000003,0.0062499934182809165,160.00016849218596,-1813.4516966150418,2.48,44.998654972337064,19.998654972337064,thermal_die9,0.9999664546555869,0.005368110624891228,119,0.004768759999999999,0.88832,0.8929105200000003,F:24;I:11;S:1,0,24,0,1,greedy
shared_bist_with_parallel_escape,Shared BIST pressure with FPP/hybrid alternatives,m22_shared_bist_with_parallel_escape_xlarge_p93791_5_5d_multi_tower,m10_xlarge_p93791_5_5d_multi_tower,p93791,xlarge,5_5d_multi_tower,12,6,36,204,132,3,m4_greedy,joint,ok,,0.04061504,0.00028574749798245696,3499.5931970028782,12.517662303646878,15.280000000000001,46.16952978339344,21.169529783393443,thermal_die7,0.8194008918863553,0.11923760262208276,99,0.004842839999999996,0.03328,0.15385052000000002,B:20;F:4;I:11;S:1,20,4,0,1,greedy
